id,ts,target_ts,eth_price_at_prediction,p_up,n_analogs,median_analog_return,return_p25,return_p75,features_json,k_used,volatility_percentile,closest_analog_dist,is_regime_anomaly,p_up_experimental,median_return_experimental,horizon_hours,trend_strength,calibrated_p_up,model_version,git_commit_sha,realized_eth_price,realized_return,realized_up,resolved_ts
1,1786926839337,1787013239337,1873.4,0.5333333333333333,15,0.07457121551080556,-0.6258357849692455,0.530740935365208,"{""technical_score"":42,""eth_regime_mag"":-0.10738363817793198}",21,0.09819639278557114,0.04845213649032263,0,0.5806030837499662,0.25594539831502366,24,-0.021476727635586397,0.5333333333333333,legacy,unknown,1909,1.9002882459698893,1,1787013838564
2,1786926879699,1786970079699,1873.7,0.7333333333333333,15,0.33601792095578187,-0.6684704758873222,0.6358381502890126,"{""technical_score"":42,""eth_regime_mag"":-0.169013906127316}",21,0.11478599221789883,0.011695186756915762,0,0.7601734462745501,0.32575029370928854,12,-0.0338027812254632,0.7333333333333333,legacy,unknown,1903.7,1.6011101030047499,1,1786978813529
3,1786927664941,1787014064941,1875.26,0.7333333333333333,15,0.3898323187012807,-0.3051391862955056,1.1015247707417632,"{""technical_score"":40,""eth_regime_mag"":-0.22071922128692997}",21,0.09418837675350701,0.03071462519433829,0,0.7587609149224828,0.40307411189337344,24,-0.04414384425738599,0.7333333333333333,legacy,unknown,1909,1.79921717521837,1,1787016793164
4,1786927686390,1787014086390,1875,0.6,15,0.25594539831502366,-0.8286852589641385,0.5781865965834428,"{""technical_score"":42,""eth_regime_mag"":-0.24662668209833155}",21,0.09,0.03471514147361658,0,0.6207063251513184,0.25594539831502366,24,-0.04932533641966631,0.6,legacy,unknown,1909,1.8133333333333335,1,1787016793419
5,1786935615149,1787022015149,1903.09,0.4666666666666667,15,-0.3051391862955056,-0.9657271820710578,0.4342465019031864,"{""technical_score"":43,""eth_regime_mag"":0.011078116474734702}",15,0.5936254980079682,0.0039032393287436115,0,0.39439289724255594,-0.40592545732511176,24,0.00221562329494694,0.4666666666666667,legacy,unknown,1892.1,-0.5774818847243173,0,1787032812171
6,1786935615298,1786978815298,1903.09,0.6666666666666666,15,0.33601792095578187,-0.3804089396100832,0.5069845207917637,"{""technical_score"":43,""eth_regime_mag"":0.011078116474734702}",15,0.6046511627906976,0.0039032393287436115,0,0.5566230098441624,0.32575029370928854,12,0.00221562329494694,0.6666666666666666,legacy,unknown,1908.1,0.2632560730180912,1,1786989613111
7,1786942320974,1787028720974,1903.3,0.06666666666666667,15,-0.6518224956979716,-1.4641517298874602,-0.34985118270585447,"{""technical_score"":67,""eth_regime_mag"":0.13604585344684153}",15,0.5972222222222222,0.08179293884075287,0,0.05098525032342401,-0.6585136406397061,24,0.027209170689368303,0.06666666666666667,legacy,unknown,1894.1,-0.48337098723270344,0,1787032812290
8,1786946417353,1787032817353,1898.3,0.2,15,-0.3876781223805461,-1.337153772683849,-0.06792413396730142,"{""technical_score"":65,""eth_regime_mag"":0.23903187445584373}",15,0.6158415841584158,0.10269907239561296,0,0.2162593824526957,-0.34985118270585447,24,0.04780637489116875,0.2,legacy,unknown,1894.1,-0.2212505926355184,0,1787043612297
9,1786946417826,1786989617826,1898.3,0.4666666666666667,15,-0.1230604601391094,-0.40720102871839564,0.16787325569195496,"{""technical_score"":61,""eth_regime_mag"":0.35479890054409996}",15,0.6204238921001927,0.11682313661801312,0,0.521173684295236,0.01571668063704707,12,0.07095978010882,0.4666666666666667,legacy,unknown,1908.3,0.5267871253226571,1,1787000412507
10,1786957215477,1787043615477,1893.5,0.6,15,0.18965335581076329,-0.5997474747474676,0.4974082412691764,"{""technical_score"":60,""eth_regime_mag"":0.5474067310042715}",15,0.5964566929133859,0.12263267551899328,0,0.610294579035539,0.18965335581076329,24,0.10948134620085431,0.6,legacy,unknown,1898.9,0.2851861631898649,1,1787054412460
11,1786957215539,1787000415539,1893.5,0.4666666666666667,15,-0.1230604601391094,-0.40720102871839564,0.18726591760299627,"{""technical_score"":60,""eth_regime_mag"":0.5474067310042715}",15,0.60727969348659,0.12263267551899328,0,0.4543302067381115,-0.1230604601391094,12,0.10948134620085431,0.4666666666666667,legacy,unknown,1905.99,0.6596250330076583,1,1787011212633
12,1786958710957,1787045110957,1894.3,0.5333333333333333,15,0.026789541363051866,-0.6369756602796455,0.1903150771833441,"{""technical_score"":59,""eth_regime_mag"":0.6484025262281924}",15,0.5964566929133859,0.1050467858821213,0,0.5118259916331384,0.026789541363051866,24,0.12968050524563848,0.5333333333333333,legacy,unknown,1898.9,0.2428337644512557,1,1787054412549
13,1786968016093,1787011216093,1903.7,0.26666666666666666,15,-0.3809822034340564,-1.4694305956441878,0.01571668063704707,"{""technical_score"":65,""eth_regime_mag"":0.5694003229717107}",15,0.6304761904761905,0.011800748055572852,0,0.20594377895356833,-0.4699248120300752,12,0.11388006459434213,0.26666666666666666,legacy,unknown,1913.1,0.4937752797184359,1,1787013838822
14,1786968016665,1787054416665,1903.7,0.13333333333333333,15,-0.5453878021920442,-1.337153772683849,-0.3028404344193794,"{""technical_score"":65,""eth_regime_mag"":0.5694003229717107}",15,0.6203522504892368,0.011800748055572852,0,0.10127110735854064,-0.8554185253214356,24,0.11388006459434213,0.13333333333333333,legacy,unknown,1902.1,-0.08404685612229534,0,1787056119997
15,1786978813681,1787022013681,1908.1,0,15,-0.3973232956921742,-1.4485202167569797,-0.1252740369558338,"{""technical_score"":67,""eth_regime_mag"":0.548643206559567}",15,0.6339622641509434,0.07457191649610995,0,0,-0.3973232956921742,12,0.1097286413119134,0,legacy,unknown,1892.1,-0.8385304753419632,0,1787032812448
16,1786978815167,1787065215167,1908.1,0.13333333333333333,15,-0.6518224956979716,-1.3779011892911381,-0.3028404344193794,"{""technical_score"":67,""eth_regime_mag"":0.548643206559567}",15,0.622568093385214,0.07457191649610995,0,0.09962649809407338,-0.6518224956979716,24,0.1097286413119134,0.13333333333333333,legacy,unknown,1911,0.1519836486557356,1,1787068052756
17,1786989613286,1787076013286,1908.3,0.06666666666666667,15,-0.6585136406397061,-1.4641517298874602,-0.36532540055320706,"{""technical_score"":68,""eth_regime_mag"":0.5588742417236576}",21,0.15087040618955513,0.05260594900960486,0,0.10800223860385366,-0.6585136406397061,24,0.11177484834473153,0.06666666666666667,legacy,unknown,1910.04,0.09118063197610486,1,1787086812202
18,1786989613333,1787032813333,1908.3,0.06666666666666667,15,-0.3973232956921742,-1.4485202167569797,-0.1252740369558338,"{""technical_score"":68,""eth_regime_mag"":0.5588742417236576}",21,0.17415730337078653,0.05260594900960486,0,0.10410291820155057,-0.3809822034340564,12,0.11177484834473153,0.06666666666666667,legacy,unknown,1894.1,-0.7441178011843025,0,1787043612405
19,1787000412710,1787086812710,1905.99,0.13333333333333333,15,-0.6518224956979716,-1.3779011892911381,-0.3028404344193794,"{""technical_score"":67,""eth_regime_mag"":0.5632684729905414}",21,0.15576923076923077,0.06594155933391566,0,0.11159056328939805,-0.6518224956979716,24,0.11265369459810827,0.13333333333333333,legacy,unknown,1912.1,0.3205683135798142,1,1787096030899
20,1787000412990,1787043612990,1905.99,0.13333333333333333,15,-0.3809822034340564,-1.3344497357266207,-0.1043187982474442,"{""technical_score"":67,""eth_regime_mag"":0.5632684729905414}",21,0.17318435754189945,0.06594155933391566,0,0.1576773877561369,-0.3809822034340564,12,0.11265369459810827,0.13333333333333333,legacy,unknown,1898.9,-0.371985162566431,0,1787054412656
21,1787011212854,1787097612854,1913.1,0.3333333333333333,15,-0.3876781223805461,-1.1826887853890906,0.3507853403141385,"{""technical_score"":64,""eth_regime_mag"":0.4928650790229049}",21,0.16252390057361377,0.10392218110634181,0,0.2558654059642779,-0.3876781223805461,24,0.09857301580458097,0.3333333333333333,legacy,unknown,1917.5,0.22999320474622817,1,1787108412183
22,1787011212908,1787054412908,1913.1,0.4666666666666667,15,-0.07865345288658172,-0.9712286564670205,0.5267871253226571,"{""technical_score"":64,""eth_regime_mag"":0.4928650790229049}",21,0.17407407407407408,0.10392218110634181,0,0.40540249332638256,-0.1252740369558338,12,0.09857301580458097,0.4666666666666667,legacy,unknown,1902.1,-0.5749830118655586,0,1787056120282
23,1787013839988,1787100239988,1909,0.13333333333333333,15,-0.6518224956979716,-1.4641517298874602,-0.3028404344193794,"{""technical_score"":68,""eth_regime_mag"":0.4099309155011382}",21,0.16061185468451242,0.037699967767552356,0,0.09473912894685126,-0.6585136406397061,24,0.08198618310022764,0.13333333333333333,legacy,unknown,1917.5,0.44525929806181247,1,1787108412285
24,1787022012761,1787065212761,1892.1,0.3333333333333333,15,-0.1252740369558338,-0.9712286564670205,0.35982478097622506,"{""technical_score"":66,""eth_regime_mag"":0.08999751791381111}",21,0.24723247232472326,0.10633545776559969,0,0.3361825589930646,-0.19928676316341276,12,0.017999503582762224,0.3333333333333333,legacy,unknown,1911,0.9988901220865752,1,1787068054449
25,1787022012844,1787108412844,1892.1,0.26666666666666666,15,-0.34985118270585447,-1.3779011892911381,0.26742173981438505,"{""technical_score"":66,""eth_regime_mag"":0.08999751791381111}",21,0.24334600760456274,0.1324751037819781,0,0.21076424752723957,-0.36532540055320706,24,0.017999503582762224,0.26666666666666666,legacy,unknown,1906.8,0.7769145394006683,1,1787117469362
26,1787032812617,1787119212617,1894.1,0.6666666666666666,15,0.15158643040092473,-0.046972860125265706,0.5522537211381686,"{""technical_score"":60,""eth_regime_mag"":-0.07938706950018717}",21,0.2349624060150376,0.012053797767090955,0,0.722024302705326,0.15158643040092473,24,-0.015877413900037433,0.6666666666666666,legacy,unknown,1910.1,0.8447283670344755,1,1787130012350
27,1787032812675,1787076012675,1894.1,0.7333333333333333,15,0.17882501446379273,-0.0956581814316817,0.9356541738539592,"{""technical_score"":60,""eth_regime_mag"":-0.07938706950018717}",21,0.22977941176470587,0.012053797767090955,0,0.726698507307993,0.17882501446379273,12,-0.015877413900037433,0.7333333333333333,legacy,unknown,1910.04,0.8415606356580991,1,1787086812411
28,1787043612628,1787086812628,1898.9,0.2857142857142857,14,-0.1592525745832891,-0.653321486437046,0.35982478097622506,"{""technical_score"":64,""eth_regime_mag"":-0.25402300058709554}",21,0.2509157509157509,0.1464009573563743,0,0.41156959926955206,-0.1252740369558338,12,-0.05080460011741911,0.2857142857142857,legacy,unknown,1912.1,0.6951392911685617,1,1787096031140
29,1787043612806,1787130012806,1898.9,0.5333333333333333,15,0.05308419152776304,-0.34985118270585447,0.6661027701416863,"{""technical_score"":64,""eth_regime_mag"":-0.25402300058709554}",21,0.2546816479400749,0.1464009573563743,0,0.5297169396660454,0.05308419152776304,24,-0.05080460011741911,0.5333333333333333,legacy,unknown,1920.7,1.1480330717783955,1,1787137149283
30,1787054412813,1787097612813,1902.1,0.2857142857142857,14,-0.1592525745832891,-0.653321486437046,0.35982478097622506,"{""technical_score"":64,""eth_regime_mag"":-0.35666953009575336}",21,0.2718978102189781,0.1260287465995671,0,0.4783040796194553,-0.07865345288658172,12,-0.07133390601915067,0.2857142857142857,legacy,unknown,1917.5,0.8096314599653064,1,1787108412375
31,1787054412844,1787140812844,1902.1,0.5333333333333333,15,0.05308419152776304,-0.2212505926355184,0.6661027701416863,"{""technical_score"":64,""eth_regime_mag"":-0.35666953009575336}",21,0.2718808193668529,0.1260287465995671,0,0.5435080508961035,0.05308419152776304,24,-0.07133390601915067,0.5333333333333333,legacy,unknown,1922,1.0462120813837386,1,1787151612460
32,1787056122308,1787142522308,1900.6,0.4666666666666667,15,-0.06792413396730142,-0.34985118270585447,0.43528424585693065,"{""technical_score"":65,""eth_regime_mag"":-0.29312188346522616}",21,0.22160148975791433,0.1442399793757579,0,0.3774489602053067,-0.1304937884956676,24,-0.05862437669304523,0.4666666666666667,legacy,unknown,1922,1.125960223087451,1,1787151612573
33,1787056149406,1787142549406,1900.6,0.7333333333333333,15,0.4498378491474075,-0.29705071079992235,0.6356711321250281,"{""technical_score"":48,""eth_regime_mag"":-0.2295643793542706}",21,0.22160148975791433,0.006495134885127485,0,0.6567963043831346,0.4329238595162076,24,-0.04591287587085412,0.7333333333333333,legacy,unknown,1922,1.125960223087451,1,1787151612671
34,1787056519714,1787142919714,1900.8,0.7333333333333333,15,0.46492190356788854,-0.29705071079992235,0.6356711321250281,"{""technical_score"":48,""eth_regime_mag"":-0.16732821378772794}",21,0.21601489757914338,0.026118032540231234,0,0.7147444187132211,0.4329238595162076,24,-0.033465642757545586,0.7333333333333333,legacy,unknown,1922,1.1153198653198677,1,1787151612770
35,1787065211987,1787108411987,1911,0.4,15,-0.0956581814316817,-0.229118933555514,0.64390140919407,"{""technical_score"":59,""eth_regime_mag"":0.009151189917415434}",21,0.3145454545454546,0.005048014816760076,0,0.4869549025983954,-0.08922947722024173,12,0.0018302379834830868,0.4,legacy,unknown,1906.8,-0.21978021978022216,0,1787108412392
36,1787065212375,1787151612375,1911,0.5333333333333333,15,0.042471862391175515,-0.35594751102374994,0.18370774721813982,"{""technical_score"":59,""eth_regime_mag"":0.009151189917415434}",21,0.3111111111111111,0.005048014816760076,0,0.5844096032102968,0.05868857706877963,24,0.0018302379834830868,0.5333333333333333,legacy,unknown,1971.9,3.1868131868131915,1,1787151612872
37,1787076012800,1787119212800,1910.04,0.5333333333333333,15,0.036456434560702335,-0.403331412707549,0.4817006125975087,"{""technical_score"":60,""eth_regime_mag"":0.29122107482193255}",21,0.2036036036036036,0.01361284370310431,0,0.6526565456022484,0.10948905109488577,12,0.05824421496438651,0.5333333333333333,,,1910.1,0.003141295470249075,1,1787130012439
38,1787076012800,1787162412800,1910.04,0.7333333333333333,15,0.22915473152440455,-0.05727973338888442,0.4974082412691764,"{""technical_score"":60,""eth_regime_mag"":0.29122107482193255}",21,0.1937269372693727,0.01361284370310431,0,0.7452384575299743,0.2851861631898649,24,0.05824421496438651,0.7333333333333333,,,2090.6,9.453205168478144,1,1787169275111
39,1787086812537,1787130012537,1912.1,0.26666666666666666,15,-0.3147673922321858,-1.6193699557406878,0.04173840454948372,"{""technical_score"":56,""eth_regime_mag"":0.4356130934297038}",21,0.1992818671454219,0.008631985784763152,0,0.416211049697644,-0.11127596439169862,12,0.08712261868594076,0.26666666666666666,,,1920.7,0.44976727158622126,1,1787137149523
40,1787086812711,1787173212711,1912.1,0.4,15,-0.19425631333018561,-1.185224554876426,0.28173423070902404,"{""technical_score"":56,""eth_regime_mag"":0.4356130934297038}",21,0.18933823529411764,0.008631985784763152,0,0.4698909597088688,-0.06876851460009425,24,0.08712261868594076,0.4,,,2227.3,16.484493488834282,1,1787184011785
41,1787096032036,1787182432036,1918.3,0.6666666666666666,15,0.4122276353123731,-0.6871399122575189,1.6602399314481577,"{""technical_score"":53,""eth_regime_mag"":0.4546428915156746}",21,0.19413919413919414,0.02871954667455695,0,0.642611112986484,0.4122276353123731,24,0.09092857830313493,0.6666666666666666,,,2252.7,17.432101339727875,1,1787184011883
42,1787097612254,1787140812254,1917.5,0.4666666666666667,15,-0.21674772679212886,-1.7137466589801278,0.18726591760299627,"{""technical_score"":57,""eth_regime_mag"":0.4079963984799586}",21,0.20214669051878353,0.012967864543024898,0,0.41741395359898315,-0.6504151023213979,12,0.08159927969599173,0.4666666666666667,,,1922,0.2346805736636245,1,1787140812561
43,1787097612263,1787184012263,1917.5,0.4666666666666667,15,-0.267281589015246,-2.4658672065618026,0.19036539580139267,"{""technical_score"":57,""eth_regime_mag"":0.4079963984799586}",21,0.19413919413919414,0.012967864543024898,0,0.38800930198764877,-0.267281589015246,24,0.08159927969599173,0.4666666666666667,,,2252.7,17.48109517601042,1,1787188329941
44,1787108412757,1787194812757,1906.8,0.4,15,-0.5986754966887393,-2.2187581189919485,0.24537955518428622,"{""technical_score"":50,""eth_regime_mag"":0.24819641566861209}",21,0.30656934306569344,0.00039778884778299273,0,0.34372922880077367,-0.6623909157817336,24,0.049639283133722414,0.4,knn-core-v1-selfcontained,0280f8fe79ac0eeb633dfffa91889cd77bfd030c,2252.3,18.11936228235789,1,1787205650578
45,1787108413475,1787151613475,1906.8,0.5333333333333333,15,0.1300931466930322,-0.09604610212901951,0.40794701986755205,"{""technical_score"":50,""eth_regime_mag"":0.24819641566861209}",21,0.3262411347517731,0.00039778884778299273,0,0.39524620281391104,-0.08469193309338008,12,0.049639283133722414,0.5333333333333333,knn-core-v1-selfcontained,0280f8fe79ac0eeb633dfffa91889cd77bfd030c,1971.9,3.4140969162995667,1,1787152095216
46,1787117470141,1787203870141,1912.52,0.3333333333333333,15,-0.5986754966887393,-2.2187581189919485,0.1149545407043602,"{""technical_score"":50,""eth_regime_mag"":0.2183701069266908}",21,0.23636363636363636,0.011133468400842672,0,0.34789307467867225,-0.6623909157817336,24,0.04367402138533816,0.3333333333333333,knn-core-v1-selfcontained,0280f8fe79ac0eeb633dfffa91889cd77bfd030c,2246.87,17.482170121096768,1,1787205650629
47,1787119211952,1787162411952,1910.1,0.4666666666666667,15,-0.026463427543135385,-0.2547094720084879,0.39868169253667873,"{""technical_score"":50,""eth_regime_mag"":0.13621731139830387}",21,0.21554770318021202,0.005080426877062727,0,0.4643087499144985,-0.026463427543135385,12,0.027243462279660773,0.4666666666666667,knn-core-v1-selfcontained,0280f8fe79ac0eeb633dfffa91889cd77bfd030c,2090.6,9.449767027904299,1,1787162412113
48,1787119212035,1787205612035,1910.1,0.4666666666666667,15,-0.19112338076024152,-1.0797078437599286,0.6407840180927301,"{""technical_score"":50,""eth_regime_mag"":0.13621731139830387}",21,0.2177858439201452,0.005080426877062727,0,0.4369405180256875,-0.26595744680851063,24,0.027243462279660773,0.4666666666666667,knn-core-v1-selfcontained,0280f8fe79ac0eeb633dfffa91889cd77bfd030c,2246.87,17.6310140830323,1,1787205650692
49,1787130012627,1787173212627,1920.7,0.4,15,-0.12219093662009003,-0.2670654844567888,0.06760621977221667,"{""technical_score"":58,""eth_regime_mag"":0.0800429552858502}",21,0.2596491228070175,0.0003611448514747595,0,0.26929463966404815,-0.2239233453106262,12,0.016008591057170042,0.4,knn-core-v1-selfcontained,0280f8fe79ac0eeb633dfffa91889cd77bfd030c,2227.3,15.962930181704593,1,1787173212650
50,1787130012627,1787216412627,1920.7,0.5333333333333333,15,0.042471862391175515,-0.35594751102374994,0.1903150771833441,"{""technical_score"":58,""eth_regime_mag"":0.0800429552858502}",21,0.25045045045045045,0.0003611448514747595,0,0.46930635683025845,-0.08338979517382271,24,0.016008591057170042,0.5333333333333333,knn-core-v1-selfcontained,0280f8fe79ac0eeb633dfffa91889cd77bfd030c,2281.6,18.790024470245214,1,1787216451635
51,1787137150840,1787223550840,1919.19,0.6,15,0.05341309689135776,-0.2082032063293775,0.7997474481742631,"{""technical_score"":58,""eth_regime_mag"":0.04476483878312196}",21,0.2585278276481149,0.005632745178756546,0,0.48696416916587515,-0.046972860125265706,24,0.008952967756624393,0.6,knn-core-v1-selfcontained,0280f8fe79ac0eeb633dfffa91889cd77bfd030c,2290.4,19.342014078856185,1,1787224129060
52,1787140812909,1787184012909,1922,0.3333333333333333,15,-0.4699248120300752,-0.8385304753419632,0.2627016234960332,"{""technical_score"":68,""eth_regime_mag"":0.1372426145235656}",21,0.270979020979021,0.10271604569988119,0,0.3001408782539141,-0.3809822034340564,12,0.02744852290471312,0.3333333333333333,knn-core-v1-selfcontained,0280f8fe79ac0eeb633dfffa91889cd77bfd030c,2252.7,17.206035379812686,1,1787188330185
53,1787140812909,1787227212909,1922,0.5333333333333333,15,0.09118063197610486,-1.337153772683849,0.3205683135798142,"{""technical_score"":68,""eth_regime_mag"":0.1372426145235656}",21,0.2621184919210054,0.10271604569988119,0,0.3560393838762667,-0.36532540055320706,24,0.02744852290471312,0.5333333333333333,knn-core-v1-selfcontained,0280f8fe79ac0eeb633dfffa91889cd77bfd030c,2296.54,19.486992715920913,1,1787227250760
54,1787151613208,1787238013208,1971.9,0.5333333333333333,15,0.09118063197610486,-0.6585136406397061,0.3205683135798142,"{""technical_score"":81,""eth_regime_mag"":0.6235918264311949}",9,0.7799642218246869,0.8634551092292682,1,0.46621855416657365,-0.36532540055320706,24,0.12471836528623897,0.5333333333333333,knn-core-v1-selfcontained,0280f8fe79ac0eeb633dfffa91889cd77bfd030c,2284.8,15.867944621938236,1,1787238051491
55,1787151613212,1787194813212,1971.9,0.06666666666666667,15,-0.3809822034340564,-0.8385304753419632,-0.2555144183136096,"{""technical_score"":81,""eth_regime_mag"":0.6235918264311949}",9,0.7860869565217391,0.8634551092292682,1,0.15825143543137976,-0.3809822034340564,12,0.12471836528623897,0.06666666666666667,knn-core-v1-selfcontained,0280f8fe79ac0eeb633dfffa91889cd77bfd030c,2252.3,14.21978802170496,1,1787205650766
56,1787152096214,1787238496214,2012.2,0.5333333333333333,15,0.09118063197610486,-0.6585136406397061,0.3205683135798142,"{""technical_score"":80,""eth_regime_mag"":1.0503912972058027}",9,0.8425760286225402,0.9689805600678931,1,0.4559994931119266,-0.573753390360943,24,0.21007825944116054,0.5333333333333333,knn-core-v1-selfcontained,0280f8fe79ac0eeb633dfffa91889cd77bfd030c,2284.8,13.547361097306437,1,1787248850712
57,1787162412199,1787248812199,2090.6,0.5333333333333333,15,0.09118063197610486,-0.6518224956979716,0.7146695325094011,"{""technical_score"":85,""eth_regime_mag"":2.3613939937193185}",9,0.8971631205673759,1.5191536759930506,1,0.5495733178842099,0.39790575916229887,24,0.4722787987438637,0.5333333333333333,knn-core-v1-selfcontained,0280f8fe79ac0eeb633dfffa91889cd77bfd030c,2347.2,12.273988328709457,1,1787248850842
58,1787162412411,1787205612411,2090.6,0.09090909090909091,11,-0.371985162566431,-0.7441178011843025,-0.1043187982474442,"{""technical_score"":85,""eth_regime_mag"":2.3613939937193185}",9,0.8994800693240901,1.5191536759930506,1,0.20539921249905013,-0.2555144183136096,12,0.4722787987438637,0.09090909090909091,knn-core-v1-selfcontained,0280f8fe79ac0eeb633dfffa91889cd77bfd030c,2246.87,7.4748875920788285,1,1787205650829
59,1787169276294,1787255676294,2101,0.4,15,-0.573753390360943,-0.8893859508973768,0.7146695325094011,"{""technical_score"":90,""eth_regime_mag"":3.0492271632922687}",9,0.8975265017667845,1.966953808243358,1,0.4472881959327234,-0.5933173727490418,24,0.6098454326584537,0.4,knn-core-v1-selfcontained,0280f8fe79ac0eeb633dfffa91889cd77bfd030c,2317.6,10.309376487386954,1,1787259651290
60,1787173212348,1787216412348,2227.3,0.14285714285714285,7,-0.30366492146596624,-1.5509524305194222,-0.1043187982474442,"{""technical_score"":91,""eth_regime_mag"":4.203734041700214}",9,0.906896551724138,2.205568629533758,1,,,12,0.8407468083400428,0.14285714285714285,knn-core-v1-selfcontained,0280f8fe79ac0eeb633dfffa91889cd77bfd030c,2281.6,2.437929331477561,1,1787216451700
61,1787173212996,1787259612996,2227.3,0.6,15,0.4938271604938296,-0.8893859508973768,1.3392857142857142,"{""technical_score"":94,""eth_regime_mag"":5.3407444429298865}",9,0.9049295774647887,2.765268627591428,1,0.5453361594658609,0.20212490282457066,24,1,0.6,knn-core-v1-selfcontained,0280f8fe79ac0eeb633dfffa91889cd77bfd030c,2317.6,4.054236070578715,1,1787259651349
62,1787184012143,1787270412143,2252.7,0.5333333333333333,15,0.20212490282457066,-1.6549510156639227,1.1620330147697704,"{""technical_score"":94,""eth_regime_mag"":7.159765119558922}",9,0.9052631578947369,3.3928432888200843,1,0.5482223929113437,0.20212490282457066,24,1,0.5333333333333333,knn-core-v1-selfcontained,0280f8fe79ac0eeb633dfffa91889cd77bfd030c,2328.98,3.3861588316242823,1,1787270450703
63,1787194812556,1787281212556,2252.3,0.6,15,0.4938271604938296,-1.6549510156639227,1.3392857142857142,"{""technical_score"":94,""eth_regime_mag"":8.04130919391845}",9,0.9055944055944056,3.580008195961121,1,0.5516348385285844,0.20212490282457066,24,1,0.6,,,2345.7,4.146872086311753,1,1787281250713
64,1787205650971,1787292050971,2246.87,0.5333333333333333,15,0.20212490282457066,-1.6549510156639227,1.1620330147697704,"{""technical_score"":94,""eth_regime_mag"":7.379852849893174}",9,0.9060869565217391,3.2487751218964567,1,0.5486066443298622,0.20212490282457066,24,1,0.5333333333333333,knn-core-v1-selfcontained,286bd281dbb46111a9d164712b596f0fd22ccfac,2369.4,5.453364013049273,1,1787302850755
65,1787216451784,1787259651784,2281.6,0.8,5,7.4748875920788285,7.4748875920788285,11.932213497664254,"{""technical_score"":94,""eth_regime_mag"":6.108962944517772}",9,0.9016949152542373,2.1814055651599795,1,,,12,1,0.8,knn-core-v1-selfcontained,286bd281dbb46111a9d164712b596f0fd22ccfac,2317.6,1.5778401122019634,1,1787267820408
66,1787216451821,1787302851821,2281.6,0.6,15,0.4938271604938296,-0.8893859508973768,1.3392857142857142,"{""technical_score"":94,""eth_regime_mag"":6.108962944517772}",9,0.8994800693240901,2.726078937355615,1,0.5481696915929132,0.20212490282457066,24,1,0.6,knn-core-v1-selfcontained,286bd281dbb46111a9d164712b596f0fd22ccfac,2430.2,6.512973352033658,1,1787309215970
67,1787224130043,1787310530043,2290.4,0.6,15,0.4938271604938296,-0.8893859508973768,1.3392857142857142,"{""technical_score"":95,""eth_regime_mag"":5.45810068758041}",9,0.9,2.557163034784976,1,0.545801551547233,0.20212490282457066,24,1,0.6,knn-core-v1-selfcontained,286bd281dbb46111a9d164712b596f0fd22ccfac,2403.9,4.955466294097101,1,1787313650697
68,1787227250922,1787270450922,2296.54,0.7777777777777778,9,7.4748875920788285,2.437929331477561,8.595906711089953,"{""technical_score"":95,""eth_regime_mag"":4.228128215123013}",9,0.7284991568296796,0.3341540941189619,1,1,2.437929331477561,12,0.8456256430246024,0.7777777777777778,knn-core-v1-selfcontained,286bd281dbb46111a9d164712b596f0fd22ccfac,2328.98,1.4125597638186165,1,1787281250802
69,1787227251167,1787313651167,2296.54,0.5333333333333333,15,0.09118063197610486,-0.8893859508973768,1.3392857142857142,"{""technical_score"":95,""eth_regime_mag"":4.228128215123013}",9,0.7362068965517241,2.2158492501849585,1,0.44266011537682426,-0.5933173727490418,24,0.8456256430246024,0.5333333333333333,knn-core-v1-selfcontained,286bd281dbb46111a9d164712b596f0fd22ccfac,2369.5,3.176953155616712,1,1787324450836
70,1787238051768,1787324451768,2284.8,0.4,15,-0.573753390360943,-0.8893859508973768,0.7146695325094011,"{""technical_score"":95,""eth_regime_mag"":3.111022486187524}",9,0.6924398625429553,2.0504783640015902,1,0.4479750574516858,-0.5933173727490418,24,0.6222044972375049,0.4,knn-core-v1-selfcontained,286bd281dbb46111a9d164712b596f0fd22ccfac,2393.1,4.74002100840335,1,1787335250943
71,1787238051857,1787281251857,2284.8,1,10,7.4748875920788285,1.9461091135082411,8.595906711089953,"{""technical_score"":95,""eth_regime_mag"":3.111022486187524}",9,0.6823529411764706,0.41040306694946876,1,1,7.4748875920788285,12,0.6222044972375049,1,knn-core-v1-selfcontained,286bd281dbb46111a9d164712b596f0fd22ccfac,2345.7,2.6654411764705723,1,1787281339343
72,1787248850923,1787335250923,2347.2,0.4666666666666667,15,-0.36532540055320706,-0.6585136406397061,0.7146695325094011,"{""technical_score"":96,""eth_regime_mag"":2.482204072398013}",9,0.8427350427350427,2.096710715170529,1,0.6593716887006621,0.39790575916229887,24,0.49644081447960264,0.4666666666666667,knn-core-v1-selfcontained,286bd281dbb46111a9d164712b596f0fd22ccfac,2425.39,3.3312031356509912,1,1787346050712
73,1787248850975,1787292050975,2347.2,0.8181818181818182,11,2.437929331477561,1.1706748596249676,8.595906711089953,"{""technical_score"":96,""eth_regime_mag"":2.482204072398013}",9,0.8277591973244147,0.5691528239802387,1,1,7.4748875920788285,12,0.49644081447960264,0.8181818181818182,knn-core-v1-selfcontained,286bd281dbb46111a9d164712b596f0fd22ccfac,2369.4,0.945807770961157,1,1787302850820
74,1787259651541,1787346051541,2317.6,0.6,15,0.39790575916229887,-0.6585136406397061,4.262924825268105,"{""technical_score"":90,""eth_regime_mag"":1.8540507467484522}",9,0.858843537414966,0.8996590493547882,1,0.7165211115418741,1.6580146201928148,24,0.3708101493496904,0.6,knn-core-v1-selfcontained,286bd281dbb46111a9d164712b596f0fd22ccfac,2441.4,5.341732827062486,1,1787356850704
75,1787259651638,1787302851638,2317.6,0.6666666666666666,12,2.437929331477561,-0.005226298735242835,8.595906711089953,"{""technical_score"":90,""eth_regime_mag"":1.8540507467484522}",9,0.8416666666666667,0.4019215358620546,1,0.9414350447958973,7.4748875920788285,12,0.3708101493496904,0.6666666666666666,knn-core-v1-selfcontained,286bd281dbb46111a9d164712b596f0fd22ccfac,2430.2,4.858474283741798,1,1787309216241
76,1787267821167,1787354221167,2323.8,0.6,15,0.39790575916229887,-0.6585136406397061,12.273988328709457,"{""technical_score"":90,""eth_regime_mag"":1.5295546790383572}",9,0.8559322033898306,0.4055131645611426,1,0.8098783476903846,12.273988328709457,24,0.3059109358076714,0.6,knn-core-v1-selfcontained,286bd281dbb46111a9d164712b596f0fd22ccfac,2515.9,8.266632240296062,1,1787356850826
77,1787270450859,1787313650859,2328.98,0.5714285714285714,14,2.437929331477561,-0.30366492146596624,8.595906711089953,"{""technical_score"":90,""eth_regime_mag"":1.5184430499629948}",9,0.8222591362126246,0.40240947822990114,1,0.9352724740717309,7.4748875920788285,12,0.303688609992599,0.5714285714285714,knn-core-v1-selfcontained,286bd281dbb46111a9d164712b596f0fd22ccfac,2369.5,1.7398174308066183,1,1787324450912
78,1787270450911,1787356850911,2328.98,0.6,15,0.39790575916229887,-0.6585136406397061,12.273988328709457,"{""technical_score"":90,""eth_regime_mag"":1.5184430499629948}",9,0.8389830508474576,0.40240947822990114,1,0.8093352749487259,12.273988328709457,24,0.303688609992599,0.6,knn-core-v1-selfcontained,286bd281dbb46111a9d164712b596f0fd22ccfac,2515.9,8.025831050502799,1,1787360849869
79,1787281250900,1787367650900,2345.7,0.7333333333333333,15,1.6580146201928148,-0.6518224956979716,12.273988328709457,"{""technical_score"":90,""eth_regime_mag"":1.4502873166747967}",9,0.8414839797639123,0.4093231092010279,1,0.8780311692982572,12.273988328709457,24,0.29005746333495935,0.7333333333333333,knn-core-v1-selfcontained,286bd281dbb46111a9d164712b596f0fd22ccfac,2514.2,7.183356780491964,1,1787378450573
80,1787281250978,1787324450978,2345.7,0.6428571428571429,14,2.437929331477561,-0.2555144183136096,8.595906711089953,"{""technical_score"":90,""eth_regime_mag"":1.4502873166747967}",9,0.8264462809917356,0.4093231092010279,1,0.9379597343182542,7.4748875920788285,12,0.29005746333495935,0.6428571428571429,knn-core-v1-selfcontained,286bd281dbb46111a9d164712b596f0fd22ccfac,2393.1,2.020718761990028,1,1787335251651
81,1787281340952,1787367740952,2345.7,0.7333333333333333,15,1.6580146201928148,-0.6518224956979716,12.273988328709457,"{""technical_score"":90,""eth_regime_mag"":1.2485298703060284}",9,0.8414839797639123,0.45666590967361087,1,0.9333718377429129,12.273988328709457,24,0.24970597406120568,0.7333333333333333,knn-core-v1-selfcontained,286bd281dbb46111a9d164712b596f0fd22ccfac,2514.2,7.183356780491964,1,1787378450638
82,1787292050819,1787335250819,2369.4,0.6428571428571429,14,2.6654411764705723,-0.2555144183136096,8.595906711089953,"{""technical_score"":87,""eth_regime_mag"":1.320192200057318}",9,0.8270181219110379,0.26131637826098175,1,0.9412193178165368,7.4748875920788285,12,0.2640384400114636,0.6428571428571429,knn-core-v1-selfcontained,286bd281dbb46111a9d164712b596f0fd22ccfac,2425.39,2.363045496750223,1,1787346050775
83,1787292051132,1787378451132,2369.4,0.6666666666666666,15,0.44525929806181247,-0.6518224956979716,12.273988328709457,"{""technical_score"":87,""eth_regime_mag"":1.320192200057318}",9,0.837248322147651,0.26131637826098175,1,0.8856023223104821,12.273988328709457,24,0.2640384400114636,0.6666666666666666,knn-core-v1-selfcontained,286bd281dbb46111a9d164712b596f0fd22ccfac,2443.2,3.114712585464663,1,1787389250711
84,1787302850931,1787389250931,2430.2,0.7333333333333333,15,1.6580146201928148,-0.573753390360943,12.273988328709457,"{""technical_score"":89,""eth_regime_mag"":1.6745384460482788}",9,0.8244147157190636,0.29998510570740594,1,0.8871324760884993,12.273988328709457,24,0.3349076892096558,0.7333333333333333,knn-core-v1-selfcontained,286bd281dbb46111a9d164712b596f0fd22ccfac,2423.4,-0.2798123611225301,0,1787400050765
85,1787302851170,1787346051170,2430.2,0.8571428571428571,14,2.6654411764705723,0.945807770961157,7.4748875920788285,"{""technical_score"":89,""eth_regime_mag"":1.6745384460482788}",9,0.8144499178981938,0.29998510570740594,1,1,7.4748875920788285,12,0.3349076892096558,0.8571428571428571,knn-core-v1-selfcontained,286bd281dbb46111a9d164712b596f0fd22ccfac,2441.4,0.4608674183194912,1,1787356850887
86,1787313650810,1787400050810,2369.5,0.6,15,0.3205683135798142,-0.6518224956979716,12.273988328709457,"{""technical_score"":77,""eth_regime_mag"":1.7303125642089963}",9,0.8416666666666667,0.42758093307499606,1,0.7179062420016625,12.273988328709457,24,0.3460625128417993,0.6,knn-core-v1-selfcontained,286bd281dbb46111a9d164712b596f0fd22ccfac,2422,2.2156573116691285,1,1787410850622
87,1787313650891,1787356850891,2369.5,0.4166666666666667,12,-0.005226298735242835,-0.30366492146596624,7.4748875920788285,"{""technical_score"":77,""eth_regime_mag"":1.7303125642089963}",9,0.8346972176759411,0.42758093307499606,1,0.6635706747090493,7.4748875920788285,12,0.3460625128417993,0.4166666666666667,knn-core-v1-selfcontained,286bd281dbb46111a9d164712b596f0fd22ccfac,2515.9,6.178518674825916,1,1787360850743
88,1787324451158,1787410851158,2393.1,0.26666666666666666,15,-0.267281589015246,-0.5933173727490418,0.39790575916229887,"{""technical_score"":67,""eth_regime_mag"":1.710444408850307}",9,0.8388704318936877,0.4225016979038776,1,0.30888925047066806,-0.13102038677218175,24,0.34208888177006136,0.26666666666666666,knn-core-v1-selfcontained,286bd281dbb46111a9d164712b596f0fd22ccfac,2413,0.8315573941749234,1,1787421650695
89,1787324451158,1787367651158,2393.1,0.08333333333333333,12,-0.25705592277830713,-0.3809822034340564,-0.06813060112153213,"{""technical_score"":67,""eth_regime_mag"":1.710444408850307}",9,0.8387622149837134,0.4225016979038776,1,0,-0.1043187982474442,12,0.34208888177006136,0.08333333333333333,knn-core-v1-selfcontained,286bd281dbb46111a9d164712b596f0fd22ccfac,2514.2,5.060381931386065,1,1787378450696
90,1787335251862,1787378451862,2425.39,0,15,-0.371985162566431,-0.7441178011843025,-0.1043187982474442,"{""technical_score"":70,""eth_regime_mag"":1.4054988443023835}",9,0.8589951377633711,0.3648299849192728,1,0,-0.371985162566431,12,0.2810997688604767,0,knn-core-v1-selfcontained,286bd281dbb46111a9d164712b596f0fd22ccfac,2443.2,0.7343148936871986,1,1787389250789
91,1787335252483,1787421652483,2425.39,0.4666666666666667,15,-0.07869058860560277,-0.6518224956979716,0.3205683135798142,"{""technical_score"":70,""eth_regime_mag"":1.4054988443023835}",9,0.856198347107438,0.3648299849192728,1,0.44310631595245786,-0.13102038677218175,24,0.2810997688604767,0.4666666666666667,knn-core-v1-selfcontained,286bd281dbb46111a9d164712b596f0fd22ccfac,2427.2,0.0746271733618076,1,1787432450698
92,1787346050868,1787432450868,2441.4,0.6,15,0.09118063197610486,-0.6518224956979716,0.39790575916229887,"{""technical_score"":73,""eth_regime_mag"":1.2788650278848968}",9,0.85667215815486,0.4944412519251876,1,0.44311099279719435,-0.36532540055320706,24,0.25577300557697935,0.6,knn-core-v1-selfcontained,286bd281dbb46111a9d164712b596f0fd22ccfac,2430.5,-0.44646514295076967,0,1787442477573
93,1787346050956,1787389250956,2441.4,0.13333333333333333,15,-0.371985162566431,-0.7441178011843025,-0.1043187982474442,"{""technical_score"":73,""eth_regime_mag"":1.2788650278848968}",9,0.8594507269789984,0.4944412519251876,1,0.1114859323200047,-0.30366492146596624,12,0.25577300557697935,0.13333333333333333,knn-core-v1-selfcontained,286bd281dbb46111a9d164712b596f0fd22ccfac,2423.4,-0.7372818874416318,0,1787400050796
94,1787356850957,1787443250957,2515.9,0.6,15,0.39790575916229887,-0.5933173727490418,12.273988328709457,"{""technical_score"":77,""eth_regime_mag"":2.008162378603823}",9,0.8784893267651889,0.5610801019179776,1,0.7926820560650215,12.273988328709457,24,0.4016324757207646,0.6,knn-core-v1-selfcontained,286bd281dbb46111a9d164712b596f0fd22ccfac,2424.9,-3.6169959060376002,0,1787454047896
95,1787356851042,1787400051042,2515.9,0.8181818181818182,11,2.363045496750223,0.4608674183194912,7.4748875920788285,"{""technical_score"":77,""eth_regime_mag"":2.008162378603823}",9,0.8808373590982287,0.5610801019179776,1,1,7.4748875920788285,12,0.4016324757207646,0.8181818181818182,knn-core-v1-selfcontained,286bd281dbb46111a9d164712b596f0fd22ccfac,2422,-3.7322628085377034,0,1787410850686
96,1787360852035,1787447252035,2526.1,0.5333333333333333,15,0.39790575916229887,-0.6518224956979716,12.273988328709457,"{""technical_score"":76,""eth_regime_mag"":2.290777324049711}",9,0.8571428571428571,0.5321579892979368,1,0.6704551209969515,1.5753859166842983,24,0.45815546480994224,0.5333333333333333,knn-core-v1-selfcontained,286bd281dbb46111a9d164712b596f0fd22ccfac,2424.9,-4.006175527492966,0,1787454047982
97,1787367650860,1787410850860,2514.2,0.8888888888888888,9,6.178518674825916,4.659095636257748,7.4748875920788285,"{""technical_score"":76,""eth_regime_mag"":2.6289650956032964}",9,0.8589743589743589,0.4556556277577922,1,0.8476860121654269,6.178518674825916,12,0.5257930191206592,0.8888888888888888,knn-core-v1-selfcontained,286bd281dbb46111a9d164712b596f0fd22ccfac,2413,-4.025137220587059,0,1787421650824
98,1787367650975,1787454050975,2514.2,0.6666666666666666,15,1.5753859166842983,-0.5933173727490418,12.273988328709457,"{""technical_score"":76,""eth_regime_mag"":2.6289650956032964}",9,0.8576104746317512,0.4556556277577922,1,0.6465513523610613,1.5753859166842983,24,0.5257930191206592,0.6666666666666666,knn-core-v1-selfcontained,286bd281dbb46111a9d164712b596f0fd22ccfac,2418,-3.8262668045501482,0,1787464849146
99,1787378450829,1787421650829,2443.2,0.3333333333333333,9,-0.06813060112153213,-0.25223331581712843,0.03672227468261701,"{""technical_score"":66,""eth_regime_mag"":2.337952141217741}",9,0.8865814696485623,0.09628610203591072,0,,,12,0.46759042824354824,0.3333333333333333,knn-core-v1-selfcontained,286bd281dbb46111a9d164712b596f0fd22ccfac,2427.2,-0.6548788474132287,0,1787432450757
100,1787378450905,1787464850905,2443.2,0.3333333333333333,15,-0.19410345189382255,-0.8893859508973768,0.530740935365208,"{""technical_score"":66,""eth_regime_mag"":2.337952141217741}",9,0.8843648208469055,0.09628610203591072,0,0.4337962590058422,-0.267281589015246,24,0.46759042824354824,0.3333333333333333,knn-core-v1-selfcontained,286bd281dbb46111a9d164712b596f0fd22ccfac,2374.1,-2.828258022265877,0,1787475628630
101,1787389251786,1787475651786,2423.4,0.3333333333333333,15,-0.19410345189382255,-0.5997474747474676,0.18965335581076329,"{""technical_score"":58,""eth_regime_mag"":1.508377531975945}",9,0.8849270664505673,0.15381549953496965,0,0.4338571336042485,-0.19410345189382255,24,0.301675506395189,0.3333333333333333,knn-core-v1-selfcontained,286bd281dbb46111a9d164712b596f0fd22ccfac,2411.2,-0.5034249401667192,0,1787486428636
102,1787389251793,1787432451793,2423.4,0.35714285714285715,14,-0.06813060112153213,-0.25705592277830713,0.19954839048469014,"{""technical_score"":58,""eth_regime_mag"":1.508377531975945}",9,0.8869426751592356,0.15381549953496965,0,0.3180171000127103,-0.06813060112153213,12,0.301675506395189,0.35714285714285715,knn-core-v1-selfcontained,286bd281dbb46111a9d164712b596f0fd22ccfac,2430.5,0.2929768094412771,1,1787442477820
103,1787400051224,1787486451224,2422,0.6,15,0.22999320474622817,-0.3876781223805461,0.43528424585693065,"{""technical_score"":62,""eth_regime_mag"":0.40642745351896004}",9,0.8804523424878837,0.02609218451190659,0,0.3780428785913927,-0.2212505926355184,24,0.08128549070379201,0.6,knn-core-v1-selfcontained,286bd281dbb46111a9d164712b596f0fd22ccfac,2433.53,0.47605284888522714,1,1787497228696
104,1787400051237,1787443251237,2422,0.6666666666666666,15,0.036456434560702335,-0.3146633102580239,0.5267871253226571,"{""technical_score"":62,""eth_regime_mag"":0.40642745351896004}",9,0.8825396825396825,0.02609218451190659,0,0.7125603485893817,0.4300173055744831,12,0.08128549070379201,0.6666666666666666,knn-core-v1-selfcontained,286bd281dbb46111a9d164712b596f0fd22ccfac,2424.9,0.11973575557390963,1,1787454048154
105,1787410850880,1787497250880,2413,0.6,15,0.3139132748071344,-0.6663113006396588,1.1480330717783955,"{""technical_score"":60,""eth_regime_mag"":-0.61442062055549}",9,0.8808373590982287,0.09418352752642706,0,0.716473769241318,0.7893410961204802,24,-0.12288412411109799,0.6,knn-core-v1-selfcontained,286bd281dbb46111a9d164712b596f0fd22ccfac,2434.9,0.9075839204310026,1,1787508028704
106,1787410850949,1787454050949,2413,0.7142857142857143,14,0.8415606356580991,-0.984682713347926,1.5286284953395497,"{""technical_score"":60,""eth_regime_mag"":-0.61442062055549}",9,0.879746835443038,0.09418352752642706,0,0.7725959621732191,0.8415606356580991,12,-0.12288412411109799,0.7142857142857143,knn-core-v1-selfcontained,286bd281dbb46111a9d164712b596f0fd22ccfac,2418,0.20721094073767096,1,1787464849302
107,1787421650913,1787464850913,2427.2,0.7857142857142857,14,0.6951392911685617,0.005320563979777018,1.15466101694915,"{""technical_score"":59,""eth_regime_mag"":-1.0012522467237501}",9,0.7748031496062993,0.22479259252184391,0,0.7382972210894423,0.2603613177470824,12,-0.20025044934475003,0.7857142857142857,knn-core-v1-selfcontained,286bd281dbb46111a9d164712b596f0fd22ccfac,2374.1,-2.187705998681605,0,1787475628650
108,1787421650913,1787508050913,2427.2,0.6,15,0.33898305084746244,-0.22402834219027729,1.1480330717783955,"{""technical_score"":59,""eth_regime_mag"":-1.0012522467237501}",9,0.7884615384615384,0.22479259252184391,0,0.615216781441834,0.33898305084746244,24,-0.20025044934475003,0.6,knn-core-v1-selfcontained,286bd281dbb46111a9d164712b596f0fd22ccfac,2440.9,0.5644363876071307,1,1787518828833
109,1787432450882,1787518850882,2430.5,0.6666666666666666,15,0.33898305084746244,-0.1328374070138151,1.1480330717783955,"{""technical_score"":60,""eth_regime_mag"":-1.072747483984744}",9,0.7827476038338658,0.29553822259230406,1,0.6438113281039043,0.3139132748071344,24,-0.21454949679694882,0.6666666666666666,knn-core-v1-selfcontained,286bd281dbb46111a9d164712b596f0fd22ccfac,2450.7,0.8311047109648145,1,1787529646021
110,1787432450943,1787475650943,2430.5,0.7692307692307693,13,0.6951392911685617,0.005320563979777018,1.15466101694915,"{""technical_score"":60,""eth_regime_mag"":-1.072747483984744}",9,0.7692307692307693,0.29553822259230406,1,0.7197278160047222,0.2603613177470824,12,-0.21454949679694882,0.7692307692307693,knn-core-v1-selfcontained,286bd281dbb46111a9d164712b596f0fd22ccfac,2411.2,-0.7940752931495652,0,1787486428651
111,1787442478605,1787528878605,2423.5,0.4666666666666667,15,-0.1328374070138151,-0.6663113006396588,0.559135204217477,"{""technical_score"":57,""eth_regime_mag"":-1.0614574177642662}",9,0.7691082802547771,0.07422776190614011,0,0.4335665358662633,-0.1328374070138151,24,-0.2122914835528532,0.4666666666666667,knn-core-v1-selfcontained,787f3abbdb11773b72adf893abbab4523a02e77b,2464.9,1.7082731586548419,1,1787529646181
112,1787442842004,1787529242004,2427.47,0.4666666666666667,15,-0.1328374070138151,-0.6663113006396588,0.559135204217477,"{""technical_score"":57,""eth_regime_mag"":-1.037543836183929}",15,0.3980891719745223,0.07651231318281512,0,0.40599059680860045,-0.1328374070138151,24,-0.2075087672367858,0.4666666666666667,knn-core-v1-selfcontained,787f3abbdb11773b72adf893abbab4523a02e77b,2464.9,1.5419346068128665,1,1787529646365
113,1787443249456,1787529649456,2424.9,0.6,15,0.23923444976076555,-0.23852432948160712,0.9809578765147167,"{""technical_score"":50,""eth_regime_mag"":-0.8524813507926197}",21,0.1942675159235669,0.12446414152001661,0,0.5097155381846199,0.09145685388422883,24,-0.17049627015852392,0.6,knn-core-v1-selfcontained,787f3abbdb11773b72adf893abbab4523a02e77b,2464.9,1.6495525588684068,1,1787540445525
114,1787443249456,1787486449456,2424.9,0.6,15,0.15381351437360047,-0.4081416304462959,0.6220095693779929,"{""technical_score"":50,""eth_regime_mag"":-0.8524813507926197}",21,0.19092331768388107,0.12446414152001661,0,0.509226793444122,0.04832474226803391,12,-0.17049627015852392,0.6,knn-core-v1-selfcontained,787f3abbdb11773b72adf893abbab4523a02e77b,2433.53,0.35589096457586333,1,1787497228718
115,1787454048347,1787497248347,2418,0.5714285714285714,14,0.17201834862385085,-1.1673773987206872,1.15466101694915,"{""technical_score"":58,""eth_regime_mag"":-0.5677103847364059}",21,0.20904836193447737,0.11310693404445515,0,0.622272554572267,0.17201834862385085,12,-0.11354207694728116,0.5714285714285714,knn-core-v1-selfcontained,787f3abbdb11773b72adf893abbab4523a02e77b,2434.9,0.6989247311827994,1,1787508028738
116,1787454048408,1787540448408,2418,0.5333333333333333,15,0.3023352793994972,-1.0924011510177982,0.7893410961204802,"{""technical_score"":58,""eth_regime_mag"":-0.5677103847364059}",21,0.2126984126984127,0.11310693404445515,0,0.550480050377234,0.3139132748071344,24,-0.11354207694728116,0.5333333333333333,knn-core-v1-selfcontained,787f3abbdb11773b72adf893abbab4523a02e77b,2445,1.1166253101736971,1,1787551247664
117,1787464849722,1787551249722,2374.1,0.5333333333333333,15,0.3023352793994972,-1.0924011510177982,0.7893410961204802,"{""technical_score"":58,""eth_regime_mag"":-0.5788229728049998}",9,0.69826224328594,0.11786705597899613,0,0.5203296114322263,0.3139132748071344,24,-0.11576459456099997,0.5333333333333333,knn-core-v1-selfcontained,787f3abbdb11773b72adf893abbab4523a02e77b,2452.3,3.293879786024189,1,1787562045486
118,1787464849797,1787508049797,2374.1,0.5714285714285714,14,0.17201834862385085,-1.1673773987206872,1.15466101694915,"{""technical_score"":58,""eth_regime_mag"":-0.5788229728049998}",9,0.687402799377916,0.11786705597899613,0,0.6310917423380591,0.20721094073767096,12,-0.11576459456099997,0.5714285714285714,knn-core-v1-selfcontained,787f3abbdb11773b72adf893abbab4523a02e77b,2440.9,2.8136978223326814,1,1787518828887
119,1787475628752,1787518828752,2411.2,0.8666666666666667,15,0.6220095693779929,0.10651328753261968,1.660260516762754,"{""technical_score"":47,""eth_regime_mag"":-0.46220401132114264}",9,0.7147286821705426,0.029232461831124656,0,0.7793231844957297,1.660260516762754,12,-0.09244080226422853,0.8666666666666667,knn-core-v1-selfcontained,2d30dd1ccc8f8eee50632d809fc492716e8ee61f,2450.7,1.6381884538818847,1,1787518828974
120,1787475628752,1787562028752,2411.2,0.8,15,0.5766018214151019,0.23923444976076555,1.7627949086648511,"{""technical_score"":47,""eth_regime_mag"":-0.46220401132114264}",9,0.7259842519685039,0.029232461831124656,0,0.7559331487727795,1.7627949086648511,24,-0.09244080226422853,0.8,knn-core-v1-selfcontained,2d30dd1ccc8f8eee50632d809fc492716e8ee61f,2455.7,1.8455540809555409,1,1787562045580
121,1787486428680,1787529628680,2433.53,0.8,15,0.34024288107202677,0.04832474226803391,0.8891928864569132,"{""technical_score"":48,""eth_regime_mag"":-0.37388819104258425}",9,0.7187017001545595,0.03740800390946797,0,0.7442794018392743,0.15381351437360047,12,-0.07477763820851685,0.8,knn-core-v1-selfcontained,7e2296f85642cd63c90282b9d291c2720ec70e23,2464.9,1.289073896767243,1,1787529646453
122,1787486428684,1787572828684,2433.53,0.7333333333333333,15,0.4329238595162076,-0.22276440012729634,1.1153198653198677,"{""technical_score"":48,""eth_regime_mag"":-0.37388819104258425}",9,0.7299843014128728,0.03740800390946797,0,0.5137612985485546,0.17543859649122565,24,-0.07477763820851685,0.7333333333333333,knn-core-v1-selfcontained,7e2296f85642cd63c90282b9d291c2720ec70e23,2491.5,2.382136238304019,1,1787572849773
123,1787497228755,1787540428755,2434.9,0.6,15,0.10461345329009311,-0.6884134717220928,0.7841475045035474,"{""technical_score"":49,""eth_regime_mag"":-0.3091068699449453}",9,0.7188940092165899,0.003764053371641929,0,0.577190801551717,0.053163211057947905,12,-0.061821373988989056,0.6,knn-core-v1-selfcontained,7e2296f85642cd63c90282b9d291c2720ec70e23,2445,0.41480142921680185,1,1787540445660
124,1787497228992,1787583628992,2434.9,0.8666666666666667,15,0.9822763185991812,0.326412671232884,1.2444349085447646,"{""technical_score"":35,""eth_regime_mag"":-0.24710363384394352}",9,0.7276995305164319,0.06497023693907095,0,0.7904307415594218,0.6174153715137395,24,-0.049420726768788704,0.8666666666666667,knn-core-v1-selfcontained,7e2296f85642cd63c90282b9d291c2720ec70e23,2516.5,3.351266992484287,1,1787585984039
125,1787508028777,1787551228777,2440.9,0.5714285714285714,14,0.5551107552708883,-0.39217764587418996,0.8778503372229881,"{""technical_score"":35,""eth_regime_mag"":0.3507118258920689}",9,0.7197549770290965,0.05644601493907554,0,0.3739882956006559,-0.26466229091679017,12,0.07014236517841378,0.5714285714285714,knn-core-v1-selfcontained,7e2296f85642cd63c90282b9d291c2720ec70e23,2452.3,0.4670408455897452,1,1787551247750
126,1787508028810,1787594428810,2440.9,0.8,15,0.6174153715137395,0.326412671232884,1.2304428533545502,"{""technical_score"":35,""eth_regime_mag"":0.3507118258920689}",9,0.7254290171606864,0.05644601493907554,0,0.9074708889708692,1.2208011838072037,24,0.07014236517841378,0.8,knn-core-v1-selfcontained,7e2296f85642cd63c90282b9d291c2720ec70e23,2471.7,1.2618296529968343,1,1787605218973
127,1787518829083,1787562029083,2450.7,0.6428571428571429,14,0.3797806900240658,-0.26466229091679017,0.8778503372229881,"{""technical_score"":38,""eth_regime_mag"":0.6373828625905376}",9,0.7206106870229008,0.28824356763335934,1,0.5488993036920491,0.17031241683963053,12,0.1274765725181075,0.6428571428571429,knn-core-v1-selfcontained,7e2296f85642cd63c90282b9d291c2720ec70e23,2455.7,0.20402334027012692,1,1787562045692
128,1787518829083,1787605229083,2450.7,0.6,15,0.40307411189337344,-0.6369767690825442,1.2208011838072037,"{""technical_score"":38,""eth_regime_mag"":0.6373828625905376}",9,0.7231726283048211,0.28824356763335934,1,0.6586758849060228,0.40307411189337344,24,0.1274765725181075,0.6,knn-core-v1-selfcontained,7e2296f85642cd63c90282b9d291c2720ec70e23,2475.2,0.9997143673236218,1,1787615832172
129,1787529646554,1787572846554,2464.9,0.5,14,0.04173840454948372,-0.5781894105680273,0.2621161870118681,"{""technical_score"":55,""eth_regime_mag"":0.8180791731657979}",15,0.624048706240487,0.07455754192998383,0,0.5283698927757543,0.04173840454948372,12,0.16361583463315957,0.5,knn-core-v1-selfcontained,be223a025cca5aa3ef7a73bcb9b1ae0371b96099,2491.5,1.0791512840277457,1,1787572849865
130,1787529646593,1787616046593,2464.9,0.6,15,0.28173423070902404,-1.5241140420996488,0.614398991755503,"{""technical_score"":55,""eth_regime_mag"":0.8180791731657979}",15,0.627906976744186,0.07455754192998383,0,0.6250471814557886,0.28173423070902404,24,0.16361583463315957,0.6,knn-core-v1-selfcontained,be223a025cca5aa3ef7a73bcb9b1ae0371b96099,2482.5,0.7140249097326425,1,1787618776905
131,1787540445980,1787583645980,2445,0.5,14,0.04173840454948372,-0.5781894105680273,0.2621161870118681,"{""technical_score"":55,""eth_regime_mag"":0.8508688016340641}",15,0.5341426403641881,0.07573809386211484,0,0.5306205022204165,0.04173840454948372,12,0.1701737603268128,0.5,knn-core-v1-selfcontained,c5c02ae54c65b1db1aa925671435d2ef2e9c643e,2516.5,2.9243353783231085,1,1787585984284
132,1787540446129,1787626846129,2445,0.6,15,0.28173423070902404,-0.5997474747474676,0.614398991755503,"{""technical_score"":55,""eth_regime_mag"":0.8508688016340641}",15,0.5363214837712519,0.07573809386211484,0,0.621371735415393,0.28173423070902404,24,0.1701737603268128,0.6,knn-core-v1-selfcontained,c5c02ae54c65b1db1aa925671435d2ef2e9c643e,2509.5,2.638036809815951,1,1787633827393
133,1787551248001,1787594448001,2452.3,0.7142857142857143,14,0.2346805736636245,-0.07460698108180608,0.4990609068956241,"{""technical_score"":56,""eth_regime_mag"":0.8649176638089441}",15,0.38729198184568836,0.021251756106287656,0,0.7188275438739216,0.19954839048469014,12,0.1729835327617888,0.7142857142857143,knn-core-v1-selfcontained,c5c02ae54c65b1db1aa925671435d2ef2e9c643e,2471.7,0.7910940749500319,1,1787605219255
134,1787551248155,1787637648155,2452.3,0.6,15,0.09659243359269946,-0.5997474747474676,0.614398991755503,"{""technical_score"":56,""eth_regime_mag"":0.8649176638089441}",15,0.3901689708141321,0.021251756106287656,0,0.6583572702884019,0.18965335581076329,24,0.1729835327617888,0.6,knn-core-v1-selfcontained,c5c02ae54c65b1db1aa925671435d2ef2e9c643e,2508.3,2.2835705256290013,1,1787648438076
135,1787562045870,1787605245870,2455.7,0.7333333333333333,15,0.11973575557390963,-0.10399334442595673,0.6596250330076583,"{""technical_score"":61,""eth_regime_mag"":0.781150099150494}",15,0.3861236802413273,0.012987570236316137,0,0.6396295834821183,0.11973575557390963,12,0.15623001983009882,0.7333333333333333,knn-core-v1-selfcontained,c5c02ae54c65b1db1aa925671435d2ef2e9c643e,2475.2,0.7940709370037057,1,1787615832416
136,1787562045972,1787648445972,2455.7,0.4666666666666667,15,-0.08404685612229534,-0.8554185253214356,0.2851861631898649,"{""technical_score"":61,""eth_regime_mag"":0.781150099150494}",15,0.39203675344563554,0.012987570236316137,0,0.4151162626748216,-0.19410345189382255,24,0.15623001983009882,0.4666666666666667,knn-core-v1-selfcontained,c5c02ae54c65b1db1aa925671435d2ef2e9c643e,2483.4,1.1279879464104032,1,1787648874372
137,1787572850091,1787659250091,2491.5,0.7333333333333333,15,0.18965335581076329,-0.08404685612229534,0.614398991755503,"{""technical_score"":58,""eth_regime_mag"":0.6784115276487694}",15,0.6580152671755726,0.010114591274462376,0,0.5606351596642285,0.03141690229344101,24,0.13568230552975388,0.7333333333333333,knn-core-v1-selfcontained,c5c02ae54c65b1db1aa925671435d2ef2e9c643e,2479.1,-0.497692153321296,0,1787659255156
138,1787572850237,1787616050237,2491.5,0.7333333333333333,15,0.2346805736636245,-0.40720102871839564,0.6171145013989365,"{""technical_score"":58,""eth_regime_mag"":0.6784115276487694}",15,0.6481203007518797,0.010114591274462376,0,0.6671894351132589,0.2346805736636245,12,0.13568230552975388,0.7333333333333333,knn-core-v1-selfcontained,c5c02ae54c65b1db1aa925671435d2ef2e9c643e,2482.5,-0.3612281757977122,0,1787618777154
139,1787576868947,1787663268947,2510.6,0.4,15,-0.13102038677218175,-1.1826887853890906,0.22999320474622817,"{""technical_score"":64,""eth_regime_mag"":0.7459707109865303}",9,0.6748091603053435,0.02938514301336309,0,0.37649293914385235,-0.5453878021920442,24,0.14919414219730606,0.4,knn-core-v1-selfcontained,c5c02ae54c65b1db1aa925671435d2ef2e9c643e,2475.1,-1.4140046204094638,0,1787670055530
140,1787583621225,1787670021225,2516.5,0.5333333333333333,15,0.0746271733618076,-0.573753390360943,0.3205683135798142,"{""technical_score"":69,""eth_regime_mag"":1.02467548951813}",9,0.6727549467275494,0.17282513929987048,0,0.6437107398823672,0.09118063197610486,24,0.20493509790362602,0.5333333333333333,knn-core-v1-selfcontained,a0b2aeb2b045bc4ab746be9922bb97b7f9f06970,2472.9,-1.732565070534469,0,1787670055616
141,1787583621318,1787626821318,2516.5,0.06666666666666667,15,-0.3809822034340564,-0.7441178011843025,-0.2555144183136096,"{""technical_score"":69,""eth_regime_mag"":1.02467548951813}",9,0.664167916041979,0.17282513929987048,0,0.11834920945905655,-0.371985162566431,12,0.20493509790362602,0.06666666666666667,knn-core-v1-selfcontained,a0b2aeb2b045bc4ab746be9922bb97b7f9f06970,2509.5,-0.27816411682892905,0,1787626839876
142,1787585985078,1787672385078,2506.8,0.6,15,0.0746271733618076,-0.44646514295076967,0.3205683135798142,"{""technical_score"":69,""eth_regime_mag"":1.1580746711523588}",9,0.6757990867579908,0.15549153322283868,0,0.4851007268432989,-0.36532540055320706,24,0.23161493423047175,0.6,knn-core-v1-selfcontained,a0b2aeb2b045bc4ab746be9922bb97b7f9f06970,2472.9,-1.3523216850167579,0,1787680854809
143,1787594422664,1787680822664,2471.7,0.6,15,0.09118063197610486,-0.36532540055320706,0.3205683135798142,"{""technical_score"":67,""eth_regime_mag"":1.1738216925490275}",9,0.6904400606980273,0.16892662726691982,0,0.35500539257397734,-0.13102038677218175,24,0.2347643385098055,0.6,knn-core-v1-selfcontained,a0b2aeb2b045bc4ab746be9922bb97b7f9f06970,2470.42,-0.051786220010508775,0,1787680854889
144,1787594422887,1787637622887,2471.7,0.2,15,-0.30366492146596624,-0.7441178011843025,-0.0524081547088727,"{""technical_score"":67,""eth_regime_mag"":1.1738216925490275}",9,0.6846038863976084,0.16892662726691982,0,0.2034962957639671,-0.1043187982474442,12,0.2347643385098055,0.2,knn-core-v1-selfcontained,a0b2aeb2b045bc4ab746be9922bb97b7f9f06970,2508.3,1.4807622284257946,1,1787637638318
145,1787605220008,1787648420008,2475.2,0.5333333333333333,15,0.03672227468261701,-0.3591131466638956,0.6216415551575152,"{""technical_score"":60,""eth_regime_mag"":0.8635437999588078}",9,0.6855439642324889,0.07585925031565499,0,0.676420553436906,0.11973575557390963,12,0.17270875999176155,0.5333333333333333,knn-core-v1-selfcontained,a0b2aeb2b045bc4ab746be9922bb97b7f9f06970,2483.4,0.33128636069813644,1,1787648438103
146,1787605220091,1787691620091,2475.2,0.4666666666666667,15,-0.08404685612229534,-0.5933173727490418,0.2428337644512557,"{""technical_score"":60,""eth_regime_mag"":0.8635437999588078}",9,0.6883509833585476,0.07729953302762661,0,0.3635627374012025,-0.0895585291328651,24,0.17270875999176155,0.4666666666666667,knn-core-v1-selfcontained,a0b2aeb2b045bc4ab746be9922bb97b7f9f06970,2437.4,-1.5271493212669573,0,1787691654917
147,1787615833933,1787702233933,2479.95,0.4666666666666667,15,-0.36532540055320706,-0.6518224956979716,0.3205683135798142,"{""technical_score"":72,""eth_regime_mag"":0.63282869070461}",9,0.6862745098039216,0.178180163738886,0,0.3276483177157131,-0.44646514295076967,24,0.126565738140922,0.4666666666666667,knn-core-v1-selfcontained,cb4a05123f9357931eb9c0ba73519ee20a7d7782,2439.2,-1.6431782898848768,0,1787702455858
148,1787615839782,1787702239782,2480.05,0.6666666666666666,15,0.1519836486557356,-0.6518224956979716,1.6580146201928148,"{""technical_score"":72,""eth_regime_mag"":0.3919049442314392}",9,0.6862745098039216,0.1539140701753398,0,0.6017370059016888,0.09118063197610486,24,0.07838098884628783,0.6666666666666666,knn-core-v1-selfcontained,cb4a05123f9357931eb9c0ba73519ee20a7d7782,2439.2,-1.647144210802216,0,1787702455922
149,1787616041486,1787659241486,2482.5,0.5333333333333333,15,0.003141295470249075,-0.556462421837112,0.9988901220865752,"{""technical_score"":67,""eth_regime_mag"":0.15890146234534866}",9,0.6864784546805349,0.01264892000428195,0,0.708564557096622,0.2627016234960332,12,0.031780292469069736,0.5333333333333333,knn-core-v1-selfcontained,cb4a05123f9357931eb9c0ba73519ee20a7d7782,2479.1,-0.13695871097684154,0,1787659255265
150,1787618777928,1787705177928,2499,0.4666666666666667,15,0,-0.1304937884956676,0.43528424585693065,"{""technical_score"":64,""eth_regime_mag"":0.07455740992602021}",9,0.6621417797888386,0.04953538658831032,0,0.4623561129508008,0,24,0.014911481985204042,0.4666666666666667,knn-core-v1-selfcontained,ff4e23b900812e5fdc3dbe703586469202430dad,2454.5,-1.7807122849139656,0,1787706715067
151,1787618805837,1787705205837,2500.4,0.5333333333333333,15,0.44525929806181247,-1.337153772683849,9.453205168478144,"{""technical_score"":67,""eth_regime_mag"":0.11273665102106696}",15,0.6093514328808446,0.012927768909845386,0,0.5288680214542713,0.44525929806181247,24,0.022547330204213394,0.5333333333333333,knn-core-v1-selfcontained,ff4e23b900812e5fdc3dbe703586469202430dad,2454.5,-1.8357062869940846,0,1787706715320
152,1787619449385,1787705849385,2495.5,0.5333333333333333,15,0.44525929806181247,-1.337153772683849,9.453205168478144,"{""technical_score"":67,""eth_regime_mag"":0.11797132455703693}",15,0.6048265460030166,0.01003172651639328,0,0.5259654990093718,0.44525929806181247,24,0.023594264911407387,0.5333333333333333,knn-core-v1-selfcontained,ff4e23b900812e5fdc3dbe703586469202430dad,2454.5,-1.642957323181727,0,1787706715578
153,1787620589911,1787706989911,2486.6,0.5333333333333333,15,0.26742173981438505,-0.2212505926355184,0.7769145394006683,"{""technical_score"":65,""eth_regime_mag"":0.10951215960946223}",15,0.6093514328808446,0.07193768917029364,0,0.5521802336161481,0.26742173981438505,24,0.021902431921892448,0.5333333333333333,knn-core-v1-selfcontained,9e7fcaa4d017260bdf10e05b28fb0775a3964e1b,2454.5,-1.2909193275959105,0,1787713222565
154,1787626839931,1787670039931,2509.5,0.6666666666666666,15,0.10948905109488577,-0.1592525745832891,0.20721094073767096,"{""technical_score"":61,""eth_regime_mag"":0.19315731316576376}",15,0.41185185185185186,0.026034876661431647,0,0.7118355657089699,0.10948905109488577,12,0.03863146263315275,0.6666666666666666,knn-core-v1-selfcontained,9e7fcaa4d017260bdf10e05b28fb0775a3964e1b,2472.9,-1.4584578601314968,0,1787670055689
155,1787626839967,1787713239967,2509.5,0.8,15,0.47605284888522714,0.05308419152776304,0.8447283670344755,"{""technical_score"":61,""eth_regime_mag"":0.19315731316576376}",15,0.41353383458646614,0.026034876661431647,0,0.8218711095882828,0.39345294302801387,24,0.03863146263315275,0.8,knn-core-v1-selfcontained,9e7fcaa4d017260bdf10e05b28fb0775a3964e1b,2463.7,-1.8250647539350542,0,1787722603187
156,1787633828165,1787720228165,2490.81,0.4666666666666667,15,0,-0.2212505926355184,0.7769145394006683,"{""technical_score"":64,""eth_regime_mag"":0.16762584320386795}",15,0.5412293853073463,0.01734587417732719,0,0.47352377444664906,0,24,0.03352516864077359,0.4666666666666667,knn-core-v1-selfcontained,9e7fcaa4d017260bdf10e05b28fb0775a3964e1b,2462.2,-1.1486223357060605,0,1787722603433
157,1787634056303,1787720456303,2493.3,0.7333333333333333,15,0.4974082412691764,-0.05727973338888442,2.1842456608811798,"{""technical_score"":59,""eth_regime_mag"":0.21834095547432342}",15,0.5397301349325337,0.03005296280105552,0,0.7012738385415537,0.4974082412691764,24,0.04366819109486469,0.7333333333333333,knn-core-v1-selfcontained,9e7fcaa4d017260bdf10e05b28fb0775a3964e1b,2462.2,-1.2473428789155079,0,1787722603683
158,1787637638365,1787724038365,2508.3,0.4,15,-0.334780561803635,-1.6626831549412864,0.5775752437473434,"{""technical_score"":56,""eth_regime_mag"":0.23280908657040528}",15,0.5577211394302849,0.0020071215792175634,0,0.3670606080108145,-0.334780561803635,24,0.04656181731408106,0.4,knn-core-v1-selfcontained,9e7fcaa4d017260bdf10e05b28fb0775a3964e1b,2463.3,-1.794043774668102,0,1787734826892
159,1787637638605,1787680838605,2508.3,0.5333333333333333,15,0.003141295470249075,-0.40720102871839564,0.18726591760299627,"{""technical_score"":59,""eth_regime_mag"":0.27681775392231145}",15,0.556047197640118,0.06271509037756404,0,0.5263778096102132,0.003141295470249075,12,0.05536355078446229,0.5333333333333333,knn-core-v1-selfcontained,9e7fcaa4d017260bdf10e05b28fb0775a3964e1b,2470.42,-1.5101861818761755,0,1787680854955
160,1787648438170,1787691638170,2483.4,0.3333333333333333,15,-0.3146633102580239,-0.556462421837112,0.01571668063704707,"{""technical_score"":65,""eth_regime_mag"":0.27954891488492184}",9,0.6666666666666666,0.022617056571817437,0,0.4334908342626591,-0.07865345288658172,12,0.055909782976984373,0.3333333333333333,knn-core-v1-selfcontained,9e7fcaa4d017260bdf10e05b28fb0775a3964e1b,2437.4,-1.8522992671337681,0,1787691654969
161,1787648875166,1787735275166,2483.7,0.5333333333333333,15,0.026789541363051866,-0.9692043145224276,2.1842456608811798,"{""technical_score"":58,""eth_regime_mag"":0.32788951906636044}",9,0.6636771300448431,0.05372748093297042,0,0.5751096594956486,0.12703789964005208,24,0.06557790381327208,0.5333333333333333,knn-core-v1-selfcontained,9e7fcaa4d017260bdf10e05b28fb0775a3964e1b,2453.9,-1.1998228449490569,0,1787740049875
162,1787659255408,1787702455408,2479.1,0.4666666666666667,15,-0.0727423880286742,-0.3295768658303235,0.29255041270504173,"{""technical_score"":56,""eth_regime_mag"":0.06153439565394077}",15,0.6281112737920937,0.01039308968367221,0,0.4689767264201934,-0.0727423880286742,12,0.012306879130788153,0.4666666666666667,knn-core-v1-selfcontained,9ace9bedd93627ea15cbadb68cff4c31fdc48612,2439.2,-1.6094550441692588,0,1787702455988
163,1787659255566,1787745655566,2479.1,0.4,15,-0.03184206336570127,-0.21774921663392302,0.21941280952878722,"{""technical_score"":56,""eth_regime_mag"":0.06153439565394077}",15,0.6363636363636364,0.01039308968367221,0,0.35772443544823607,-0.03184206336570127,24,0.012306879130788153,0.4,knn-core-v1-selfcontained,9ace9bedd93627ea15cbadb68cff4c31fdc48612,2463.7,-0.6211931749425231,0,1787752792901
164,1787659900897,1787746300897,2475.1,0.6,15,0.1566088953852579,-0.17222483168936667,0.40741708017758965,"{""technical_score"":55,""eth_regime_mag"":-0.023858480046979703}",15,0.6348733233979136,0.0007264396364811687,0,0.6493923279879416,0.1927886619424784,24,-0.00477169600939594,0.6,knn-core-v1-selfcontained,9ace9bedd93627ea15cbadb68cff4c31fdc48612,2463.7,-0.460587451012084,0,1787752793158
165,1787670055852,1787756455852,2472.9,0.5333333333333333,15,0.06387055567383677,-0.27072053311120603,1.0830190683592644,"{""technical_score"":54,""eth_regime_mag"":-0.121899289350428}",15,0.6329866270430906,0.008662643478232895,0,0.5287067739349329,0.06387055567383677,24,-0.0243798578700856,0.5333333333333333,knn-core-v1-selfcontained,9ace9bedd93627ea15cbadb68cff4c31fdc48612,2438.8,-1.3789477940879094,0,1787767226729
166,1787680855076,1787767255076,2470.42,0.9333333333333333,15,1.0889587170874493,0.727661851257352,1.79921717521837,"{""technical_score"":39,""eth_regime_mag"":-0.5142168190495175}",15,0.5029585798816568,0.044670844798539666,0,0.9540784459756906,1.0889587170874493,24,-0.1028433638099035,0.9333333333333333,knn-core-v1-selfcontained,9ace9bedd93627ea15cbadb68cff4c31fdc48612,2458.6,-0.47846115235466696,0,1787778024838
167,1787680855144,1787724055144,2470.42,0.8666666666666667,15,1.1038007721168062,0.5777225851735892,1.5165896995616637,"{""technical_score"":39,""eth_regime_mag"":-0.5142168190495175}",15,0.49206349206349204,0.044670844798539666,0,0.8931671835156502,1.371571072319212,12,-0.1028433638099035,0.8666666666666667,knn-core-v1-selfcontained,9ace9bedd93627ea15cbadb68cff4c31fdc48612,2463.3,-0.2882101019259839,0,1787734826985
168,1787691655114,1787734855114,2437.4,0.7333333333333333,15,0.7259724780582995,-0.26097145291861223,1.4108199034130988,"{""technical_score"":38,""eth_regime_mag"":-0.7850288662185133}",15,0.6140602582496413,0.07552537395980978,0,0.740468926953272,0.942941334047678,12,-0.15700577324370268,0.7333333333333333,knn-core-v1-selfcontained,9ace9bedd93627ea15cbadb68cff4c31fdc48612,2453.9,0.6769508492656109,1,1787740050135
169,1787691655146,1787778055146,2437.4,1,15,0.9822763185991812,0.36754913972194597,1.7780436082866644,"{""technical_score"":38,""eth_regime_mag"":-0.7850288662185133}",15,0.6170839469808542,0.07552537395980978,0,1,0.9822763185991812,24,-0.15700577324370268,1,knn-core-v1-selfcontained,9ace9bedd93627ea15cbadb68cff4c31fdc48612,2471.8,1.4113399524083077,1,1787787074303
170,1787700222726,1787786622726,2450.2,0.5333333333333333,15,0.12240553485896512,-0.4379172229639543,0.36754913972194597,"{""technical_score"":33,""eth_regime_mag"":-0.8376931453489094}",15,0.6005873715124816,0.07842707532522662,0,0.5144175971232895,0.12240553485896512,24,-0.1675386290697819,0.5333333333333333,knn-core-v1-selfcontained,9ace9bedd93627ea15cbadb68cff4c31fdc48612,2500.4,2.048812341849656,1,1787787074569
171,1787702457047,1787788857047,2439.2,0.5333333333333333,15,0.09145685388422883,-1.0604453870625663,1.0889587170874493,"{""technical_score"":44,""eth_regime_mag"":-0.964978580392026}",15,0.5389133627019089,0.19650007856045804,0,0.4762862894856986,-0.7227122967371618,24,-0.19299571607840518,0.5333333333333333,knn-core-v1-selfcontained,9ace9bedd93627ea15cbadb68cff4c31fdc48612,2503.1,2.619711380780588,1,1787799623501
172,1787702457047,1787745657047,2439.2,0.4666666666666667,15,-0.08622083310880727,-1.3308589607635157,1.0488589047593997,"{""technical_score"":44,""eth_regime_mag"":-0.964978580392026}",15,0.5293276108726752,0.19650007856045804,0,0.41326464834817983,-1.136786188579022,12,-0.19299571607840518,0.4666666666666667,knn-core-v1-selfcontained,9ace9bedd93627ea15cbadb68cff4c31fdc48612,2463.7,1.004427681206953,1,1787752793417
173,1787703027589,1787789427589,2435.39,0.5333333333333333,15,0.3131580368230755,-1.0604453870625663,1.1015247707417632,"{""technical_score"":41,""eth_regime_mag"":-1.056897762541286}",15,0.5389133627019089,0.14824494784595013,0,0.5485393391231348,0.3131580368230755,24,-0.2113795525082572,0.5333333333333333,knn-core-v1-selfcontained,9ace9bedd93627ea15cbadb68cff4c31fdc48612,2503.1,2.7802528547789076,1,1787799623746
174,1787706716331,1787793116331,2454.5,0.6,15,0.335106382978721,-0.929269328802039,1.1015247707417632,"{""technical_score"":40,""eth_regime_mag"":-1.0325605592078864}",15,0.6211453744493393,0.11404008677630528,0,0.6443355494046941,0.7519598954722488,24,-0.20651211184157725,0.6,knn-core-v1-selfcontained,a01ba6629584b7f00edea1e9161074d00be36beb,2503.1,1.980036667345688,1,1787799623851
175,1787713222724,1787799622724,2463.7,0.5333333333333333,15,0.3131580368230755,-1.0604453870625663,1.863121930386497,"{""technical_score"":44,""eth_regime_mag"":-0.7941192022869246}",15,0.6412884333821376,0.10055086336765146,0,0.4412625995782736,-0.7227122967371618,24,-0.15882384045738493,0.5333333333333333,knn-core-v1-selfcontained,a01ba6629584b7f00edea1e9161074d00be36beb,2503.1,1.5992206843365708,1,1787799623947
176,1787713222852,1787756422852,2463.7,0.4666666666666667,15,-0.08622083310880727,-1.3308589607635157,1.6353403419347963,"{""technical_score"":44,""eth_regime_mag"":-0.7941192022869246}",15,0.6396011396011396,0.10055086336765146,0,0.3846926134548469,-1.136786188579022,12,-0.15882384045738493,0.4666666666666667,knn-core-v1-selfcontained,a01ba6629584b7f00edea1e9161074d00be36beb,2438.8,-1.0106750010147194,0,1787756431253
177,1787722604454,1787809004454,2462.2,0.7333333333333333,15,1.8455540809555409,-0.22276440012729634,2.068561070533665,"{""technical_score"":46,""eth_regime_mag"":-0.6088335132707023}",15,0.6386066763425254,0.07977788714774449,0,0.7769607237067333,1.8455540809555409,24,-0.12176670265414047,0.7333333333333333,knn-core-v1-selfcontained,a01ba6629584b7f00edea1e9161074d00be36beb,2493.3,1.2630980424011196,1,1787810425080
178,1787724026094,1787767226094,2463.3,0.8,15,0.6274716583179589,0.10651328753261968,1.6381884538818847,"{""technical_score"":45,""eth_regime_mag"":-0.45593211101412157}",15,0.640625,0.027080300804008917,0,0.8138111287719513,1.0488589047593997,12,-0.0911864222028243,0.8,knn-core-v1-selfcontained,a01ba6629584b7f00edea1e9161074d00be36beb,2458.6,-0.19080095806439623,0,1787767226818
179,1787734828700,1787778028700,2453.9,0.8666666666666667,15,0.5179963686852529,0.17031241683963053,0.9974397269042056,"{""technical_score"":40,""eth_regime_mag"":0.036470778932175624}",15,0.40509915014164305,0.02868257371656216,0,0.892107878107393,0.6584582441113467,12,0.0072941557864351254,0.8666666666666667,knn-core-v1-selfcontained,a01ba6629584b7f00edea1e9161074d00be36beb,2471.8,0.7294510778760377,1,1787787074823
180,1787734828876,1787821228876,2453.9,0.6666666666666666,15,0.25594539831502366,-0.6258357849692455,1.6528000000000005,"{""technical_score"":40,""eth_regime_mag"":0.036470778932175624}",15,0.4126984126984127,0.02868257371656216,0,0.6868305895726166,0.25594539831502366,24,0.0072941557864351254,0.6,knn-core-v1-selfcontained,a01ba6629584b7f00edea1e9161074d00be36beb,,,,
181,1787740050923,1787826450923,2453.4,0.5333333333333333,15,0.3898323187012807,-0.5774818847243173,1.6636441220396874,"{""technical_score"":42,""eth_regime_mag"":0.0806893343406044}",15,0.4115107913669065,0.013184148272530088,0,0.45266933644849955,-0.3051391862955056,24,0.01613786686812088,0.6,knn-core-v1-selfcontained,a01ba6629584b7f00edea1e9161074d00be36beb,,,,
182,1787745626530,1787788826530,2463.7,0.6428571428571429,14,0.4670408455897452,-0.26466229091679017,0.5980669621402278,"{""technical_score"":34,""eth_regime_mag"":0.13268461422595967}",21,0.3064971751412429,0.04436639546642946,0,0.5505678001355097,0.20402334027012692,12,0.026536922845191935,0.6428571428571429,knn-core-v1-selfcontained,a01ba6629584b7f00edea1e9161074d00be36beb,2503.1,1.5992206843365708,1,1787799624046
183,1787745626530,1787832026530,2463.7,0.9333333333333333,15,1.0777479892761346,0.6140165149269483,1.2618296529968343,"{""technical_score"":34,""eth_regime_mag"":0.13268461422595967}",21,0.3113342898134864,0.04436639546642946,0,0.9240900377303366,1.0777479892761346,24,0.026536922845191935,0.7,knn-core-v1-selfcontained,a01ba6629584b7f00edea1e9161074d00be36beb,,,,
184,1787752794244,1787839194244,2456.1,0.5333333333333333,15,0.3898323187012807,-0.5774818847243173,1.6636441220396874,"{""technical_score"":42,""eth_regime_mag"":0.13425495264208004}",15,0.3419170243204578,0.043567504148349,0,0.4634497638998566,-0.3051391862955056,24,0.026850990528416007,0.6,knn-core-v1-selfcontained,a01ba6629584b7f00edea1e9161074d00be36beb,,,,
185,1787756431629,1787842831629,2438.8,0.9333333333333333,15,1.2208011838072037,0.6140165149269483,1.2618296529968343,"{""technical_score"":35,""eth_regime_mag"":0.06015165071587934}",21,0.3104434907010014,0.00036814576810638433,0,0.8859976579851434,1.2208011838072037,24,0.01203033014317587,0.7,knn-core-v1-selfcontained,a01ba6629584b7f00edea1e9161074d00be36beb,,,,
186,1787756431821,1787799631821,2438.8,0.6428571428571429,14,0.4670408455897452,-0.26466229091679017,0.5980669621402278,"{""technical_score"":35,""eth_regime_mag"":0.06015165071587934}",21,0.3047752808988764,0.00036814576810638433,0,0.6666950990301176,0.4670408455897452,12,0.01203033014317587,0.6428571428571429,knn-core-v1-selfcontained,a01ba6629584b7f00edea1e9161074d00be36beb,2493.3,2.234705592914548,1,1787810425172
187,1787778025007,1787821225007,2471.8,0.6666666666666666,15,0.2632560730180912,-0.3804089396100832,0.6274716583179589,"{""technical_score"":44,""eth_regime_mag"":0.00559246279458517}",15,0.5167130919220055,0.0009458066587683805,0,0.6825990877311339,0.2632560730180912,12,0.001118492558917034,0.6666666666666666,knn-core-v1-selfcontained,a01ba6629584b7f00edea1e9161074d00be36beb,,,,
188,1787778025148,1787864425148,2471.8,0.4666666666666667,15,-0.021279991488008243,-0.5774818847243173,0.5781865965834428,"{""technical_score"":44,""eth_regime_mag"":0.00559246279458517}",15,0.5241477272727273,0.0009458066587683805,0,0.5145496990985619,0.21278859453133314,24,0.001118492558917034,0.7,knn-core-v1-selfcontained,a01ba6629584b7f00edea1e9161074d00be36beb,,,,
189,1787787075590,1787873475590,2500.4,0.4666666666666667,15,-0.010609516736503004,-0.6623909157817336,0.1149545407043602,"{""technical_score"":49,""eth_regime_mag"":0.11224432698804028}",15,0.6303116147308782,0.015287400114728497,0,0.4260055271455887,-0.010638863769351851,24,0.022448865397608056,0.7,knn-core-v1-selfcontained,a01ba6629584b7f00edea1e9161074d00be36beb,,,,
190,1787788822986,1787875222986,2503.1,0.26666666666666666,15,-1.185224554876426,-2.4658672065618026,0.12703789964005208,"{""technical_score"":57,""eth_regime_mag"":0.20552070724452065}",15,0.6303116147308782,0.013034768271881993,0,0.2243981431829454,-1.185224554876426,24,0.041104141448904126,0.7,knn-core-v1-selfcontained,135925d3dc1c0bfa3ea647046579bf8737a53b6e,,,,
191,1787788823364,1787832023364,2503.1,0.4666666666666667,15,-0.6504151023213979,-1.7010872392446572,0.2346805736636245,"{""technical_score"":57,""eth_regime_mag"":0.4375077272586573}",15,0.6291666666666667,0.01683813384021618,0,0.5343698558731831,0.04173840454948372,12,0.08750154545173146,0.4666666666666667,knn-core-v1-selfcontained,135925d3dc1c0bfa3ea647046579bf8737a53b6e,,,,
192,1787810428133,1787853628133,2494.3,0.26666666666666666,15,-0.25705592277830713,-0.9559467856289333,0.08850018220624802,"{""technical_score"":65,""eth_regime_mag"":0.9464780263302189}",15,0.6327372764786795,0.0896592861438113,0,0.23037283038951267,-0.25705592277830713,12,0.1892956052660438,0.26666666666666666,knn-core-v1-selfcontained,135925d3dc1c0bfa3ea647046579bf8737a53b6e,,,,
193,1787810428337,1787896828337,2494.3,0.06666666666666667,15,-0.573753390360943,-1.4140046204094638,-0.07869058860560277,"{""technical_score"":65,""eth_regime_mag"":0.9464780263302189}",15,0.6339410939691444,0.0896592861438113,0,0.07175424217822633,-0.573753390360943,24,0.1892956052660438,0.7,knn-core-v1-selfcontained,135925d3dc1c0bfa3ea647046579bf8737a53b6e,,,,
