id,ts,coin,horizon_hours,prediction_ts,momentum_p_up,momentum_lca,momentum_n_matched,momentum_rank,total_scored,production_chosen_variant,production_chosen_p_up,production_chosen_lca,k_sel,scores_json
1,1790406069002,BTC,24,1790370021795,0.683,0.5,4,7,7,original,0.8666666666666667,0.7,15,"[{""variant"":""original"",""p_up"":0.867,""lca"":0.625,""n_matched"":8},{""variant"":""experimental"",""p_up"":0.76,""lca"":0.7,""n_matched"":10},{""variant"":""calibrated"",""p_up"":0.551,""lca"":0.643,""n_matched"":14},{""variant"":""challenger_flat"",""p_up"":0.683,""lca"":0.571,""n_matched"":7},{""variant"":""challenger_tilted"",""p_up"":0.592,""lca"":0.571,""n_matched"":7},{""variant"":""challenger_calibrated"",""p_up"":0.685,""lca"":0.6,""n_matched"":10},{""variant"":""challenger_momentum"",""p_up"":0.683,""lca"":0.5,""n_matched"":4}]"
2,1790578871565,BTC,24,1790575274901,0.617,0.5714285714285714,7,7,7,original,0.7333333333333333,0.7,15,"[{""variant"":""original"",""p_up"":0.733,""lca"":0.625,""n_matched"":8},{""variant"":""experimental"",""p_up"":0.761,""lca"":0.7,""n_matched"":10},{""variant"":""calibrated"",""p_up"":0.657,""lca"":0.643,""n_matched"":14},{""variant"":""challenger_flat"",""p_up"":0.617,""lca"":0.571,""n_matched"":7},{""variant"":""challenger_tilted"",""p_up"":0.617,""lca"":0.571,""n_matched"":7},{""variant"":""challenger_calibrated"",""p_up"":0.727,""lca"":0.6,""n_matched"":10},{""variant"":""challenger_momentum"",""p_up"":0.617,""lca"":0.571,""n_matched"":7}]"
3,1790665276436,BTC,12,1790650879683,0.5,0.5714285714285714,7,1,7,original,0.42857142857142855,0.5,15,"[{""variant"":""original"",""p_up"":0.429,""lca"":0.5,""n_matched"":4},{""variant"":""experimental"",""p_up"":0.309,""lca"":0.375,""n_matched"":8},{""variant"":""calibrated"",""p_up"":0.571,""lca"":0.467,""n_matched"":15},{""variant"":""challenger_flat"",""p_up"":0.5,""lca"":0.455,""n_matched"":11},{""variant"":""challenger_tilted"",""p_up"":0.5,""lca"":0.455,""n_matched"":11},{""variant"":""challenger_calibrated"",""p_up"":0.611,""lca"":0.455,""n_matched"":11},{""variant"":""challenger_momentum"",""p_up"":0.5,""lca"":0.571,""n_matched"":7}]"
4,1790665276545,BTC,24,1790661668457,0.533,0.5,8,5,7,original,0.5333333333333333,0.375,15,"[{""variant"":""original"",""p_up"":0.533,""lca"":0.5,""n_matched"":10},{""variant"":""experimental"",""p_up"":0.533,""lca"":0.583,""n_matched"":12},{""variant"":""calibrated"",""p_up"":0.657,""lca"":0.571,""n_matched"":14},{""variant"":""challenger_flat"",""p_up"":0.533,""lca"":0.444,""n_matched"":9},{""variant"":""challenger_tilted"",""p_up"":0.533,""lca"":0.444,""n_matched"":9},{""variant"":""challenger_calibrated"",""p_up"":0.636,""lca"":0.5,""n_matched"":10},{""variant"":""challenger_momentum"",""p_up"":0.533,""lca"":0.5,""n_matched"":8}]"
5,1790751615872,BTC,12,1790726425097,0.538,0,6,7,7,original,0.9166666666666666,0.5714285714285714,15,"[{""variant"":""original"",""p_up"":0.917,""lca"":0.462,""n_matched"":13},{""variant"":""experimental"",""p_up"":0.857,""lca"":0.5,""n_matched"":12},{""variant"":""calibrated"",""p_up"":0.619,""lca"":0.455,""n_matched"":11},{""variant"":""challenger_flat"",""p_up"":0.538,""lca"":0.462,""n_matched"":13},{""variant"":""challenger_tilted"",""p_up"":0.538,""lca"":0.462,""n_matched"":13},{""variant"":""challenger_calibrated"",""p_up"":0.5,""lca"":0.571,""n_matched"":14},{""variant"":""challenger_momentum"",""p_up"":0.538,""lca"":0,""n_matched"":6}]"
6,1790751616100,BTC,24,1790726425388,0.733,0.375,8,6,6,original,0.7333333333333333,0.6666666666666666,15,"[{""variant"":""original"",""p_up"":0.6,""lca"":0.643,""n_matched"":14},{""variant"":""experimental"",""p_up"":0.64,""lca"":0.667,""n_matched"":15},{""variant"":""calibrated"",""p_up"":0.803,""lca"":0.643,""n_matched"":14},{""variant"":""challenger_flat"",""p_up"":0.733,""lca"":0.643,""n_matched"":14},{""variant"":""challenger_tilted"",""p_up"":0.733,""lca"":0.643,""n_matched"":14},{""variant"":""challenger_momentum"",""p_up"":0.733,""lca"":0.375,""n_matched"":8}]"
7,1790838068044,BTC,12,1790834474276,0.133,0.25,4,5,7,original,0.13333333333333333,0.8,15,"[{""variant"":""original"",""p_up"":0.133,""lca"":0.286,""n_matched"":7},{""variant"":""experimental"",""p_up"":0.075,""lca"":0.286,""n_matched"":7},{""variant"":""calibrated"",""p_up"":0.721,""lca"":0.417,""n_matched"":12},{""variant"":""challenger_flat"",""p_up"":0.133,""lca"":0.143,""n_matched"":7},{""variant"":""challenger_tilted"",""p_up"":0.133,""lca"":0.143,""n_matched"":7},{""variant"":""challenger_calibrated"",""p_up"":0.541,""lca"":0.364,""n_matched"":11},{""variant"":""challenger_momentum"",""p_up"":0.133,""lca"":0.25,""n_matched"":4}]"
8,1790924455051,BTC,24,1790910055934,0.6,0.3333333333333333,3,4,7,original,0.6,0.42857142857142855,15,"[{""variant"":""original"",""p_up"":0.6,""lca"":0.333,""n_matched"":6},{""variant"":""experimental"",""p_up"":0.619,""lca"":0.429,""n_matched"":7},{""variant"":""calibrated"",""p_up"":0.764,""lca"":0.308,""n_matched"":13},{""variant"":""challenger_flat"",""p_up"":0.6,""lca"":0.2,""n_matched"":5},{""variant"":""challenger_tilted"",""p_up"":0.6,""lca"":0.2,""n_matched"":5},{""variant"":""challenger_calibrated"",""p_up"":0.679,""lca"":0.364,""n_matched"":11},{""variant"":""challenger_momentum"",""p_up"":0.6,""lca"":0.333,""n_matched"":3}]"
9,1790924456595,BTC,24,1790910055934,0.6,0.3333333333333333,3,4,7,original,0.6,0.42857142857142855,15,"[{""variant"":""original"",""p_up"":0.6,""lca"":0.333,""n_matched"":6},{""variant"":""experimental"",""p_up"":0.619,""lca"":0.429,""n_matched"":7},{""variant"":""calibrated"",""p_up"":0.764,""lca"":0.308,""n_matched"":13},{""variant"":""challenger_flat"",""p_up"":0.6,""lca"":0.2,""n_matched"":5},{""variant"":""challenger_tilted"",""p_up"":0.6,""lca"":0.2,""n_matched"":5},{""variant"":""challenger_calibrated"",""p_up"":0.679,""lca"":0.364,""n_matched"":11},{""variant"":""challenger_momentum"",""p_up"":0.6,""lca"":0.333,""n_matched"":3}]"
10,1791010853915,BTC,12,1790985657919,0.683,0.2,5,7,7,original,0.4,1,15,"[{""variant"":""original"",""p_up"":0.4,""lca"":0.667,""n_matched"":3},{""variant"":""experimental"",""p_up"":0.385,""lca"":1,""n_matched"":3},{""variant"":""calibrated"",""p_up"":0.568,""lca"":0.4,""n_matched"":10},{""variant"":""challenger_flat"",""p_up"":0.683,""lca"":0.583,""n_matched"":12},{""variant"":""challenger_tilted"",""p_up"":0.592,""lca"":0.583,""n_matched"":12},{""variant"":""challenger_calibrated"",""p_up"":0.703,""lca"":0.643,""n_matched"":14},{""variant"":""challenger_momentum"",""p_up"":0.683,""lca"":0.2,""n_matched"":5}]"
11,1791010854244,BTC,24,1790985657267,0.55,0.16666666666666666,6,7,7,original,0.6,0.5714285714285714,15,"[{""variant"":""original"",""p_up"":0.6,""lca"":0.455,""n_matched"":11},{""variant"":""experimental"",""p_up"":0.718,""lca"":0.455,""n_matched"":11},{""variant"":""calibrated"",""p_up"":0.764,""lca"":0.538,""n_matched"":13},{""variant"":""challenger_flat"",""p_up"":0.55,""lca"":0.455,""n_matched"":11},{""variant"":""challenger_tilted"",""p_up"":0.525,""lca"":0.455,""n_matched"":11},{""variant"":""challenger_calibrated"",""p_up"":0.625,""lca"":0.571,""n_matched"":14},{""variant"":""challenger_momentum"",""p_up"":0.55,""lca"":0.167,""n_matched"":6}]"
12,1791270040069,BTC,24,1791147642469,0.25,1,5,3,5,original,0,1,15,"[{""variant"":""original"",""p_up"":0,""lca"":0.833,""n_matched"":6},{""variant"":""experimental"",""p_up"":0,""lca"":0.833,""n_matched"":6},{""variant"":""challenger_flat"",""p_up"":0.25,""lca"":1,""n_matched"":5},{""variant"":""challenger_tilted"",""p_up"":0.25,""lca"":1,""n_matched"":5},{""variant"":""challenger_momentum"",""p_up"":0.25,""lca"":1,""n_matched"":5}]"
13,1791615625295,BTC,12,1791536444812,0.283,0.3333333333333333,3,4,7,original,0.6666666666666666,0.6363636363636364,15,"[{""variant"":""original"",""p_up"":0.667,""lca"":0.25,""n_matched"":4},{""variant"":""experimental"",""p_up"":0.5,""lca"":0.4,""n_matched"":15},{""variant"":""calibrated"",""p_up"":0.556,""lca"":0.6,""n_matched"":15},{""variant"":""challenger_flat"",""p_up"":0.283,""lca"":0.111,""n_matched"":9},{""variant"":""challenger_tilted"",""p_up"":0.283,""lca"":0.111,""n_matched"":9},{""variant"":""challenger_calibrated"",""p_up"":0.676,""lca"":0.889,""n_matched"":9},{""variant"":""challenger_momentum"",""p_up"":0.283,""lca"":0.333,""n_matched"":3}]"
14,1791615625318,BTC,24,1791450043634,0.25,0.3333333333333333,3,4,5,original,0.4666666666666667,0.6428571428571429,15,"[{""variant"":""original"",""p_up"":0.467,""lca"":0.25,""n_matched"":4},{""variant"":""calibrated"",""p_up"":0.662,""lca"":0.643,""n_matched"":14},{""variant"":""challenger_flat"",""p_up"":0.25,""lca"":0.333,""n_matched"":3},{""variant"":""challenger_tilted"",""p_up"":0.25,""lca"":0.333,""n_matched"":3},{""variant"":""challenger_momentum"",""p_up"":0.25,""lca"":0.333,""n_matched"":3}]"
